id,Domain,Status,Attractiveness,Demand,Length,Registrar,Created,Expires
74e79d95-d80e-470b-be37-0fc35c7cfb9d,transport.at,premium,84,84,9,,,
63beaba2-caf9-4570-9b25-9154ef96b096,transport.co,resell,84,84,9,Hello Internet Corp.,25/02/2010 01:17,24/02/2026 23:59
f6d0bbdc-8792-4d2f-aba6-41274008d7d1,transport.me,resell,84,84,9,"GoDaddy.com, LLC",29/07/2008 06:35,29/07/2026 06:35
731a4a0d-8d0a-4667-abe3-46affa6a0717,transport.site,premium,84,84,9,,,
e1de3255-59b7-4aa7-9ed9-05617e5aa50e,transport.space,premium,84,84,9,,,
86e858c1-d680-4633-b940-6c5435a97ab4,transport.store,premium,84,84,9,,,
23793e9f-f8e7-4b78-9709-d7f9fa8cd1e8,transport.tech,premium,84,84,9,,,
e554335b-5a49-41c1-aeda-b32a06fbb1e4,transport.us,resell,84,84,9,"GoDaddy.com, LLC",12/07/2020 00:01,12/07/2026 00:01
842386da-9b01-4325-a0c9-9653c65a1049,transport.xyz,resell,84,84,9,"Go Daddy, LLC",02/06/2014 17:34,02/06/2026 23:59
548071dd-c818-44e1-9d82-11a401d476ee,delivery.ac,available,72,27,8,,,
aa0a7325-ec1a-4fcc-abd9-a449deb81700,delivery.academy,available,72,27,8,,,
d39162b1-ce65-4c25-b806-4f4ab662099d,delivery.accountant,available,72,27,8,,,
a9577140-8370-4efb-9e51-729f7a011307,delivery.accountants,available,72,27,8,,,
ec527afc-41f5-422c-a1e0-d43e96cc1913,delivery.actor,available,72,27,8,,,
21b1f87a-c473-45c8-b18d-5f3ea693de35,delivery.adult,available,72,27,8,,,
2f036009-b91b-439b-948a-b0568dddbab9,delivery.agency,resell,72,27,8,Netregistry Wholesale Pty Ltd,26/12/2024 15:16,26/12/2026 15:16
dd34447b-5602-4580-bd4f-a2e1285118b2,delivery.airforce,available,72,27,8,,,
9c671a01-0eae-47d6-9bb3-338e78b912f6,delivery.apartments,available,72,27,8,,,
7a2a64b3-ebed-4fc0-b2cd-cd2964150b0d,delivery.app,resell,72,27,8,Squarespace Domains II LLC.,03/05/2018 23:45,03/05/2026 23:45
f6824128-2ce3-4952-a4ba-e0b35ec90571,delivery.archi,available,72,27,8,,,
8eeaa7e9-409c-4e32-89ab-6ba52394e757,delivery.army,available,72,27,8,,,
b2f3499e-fcc7-408f-879f-223458883c42,delivery.art,premium,72,27,8,,,
550c0173-e701-4ef3-8f50-cb8616b1b668,delivery.asia,resell,72,27,8,"GoDaddy.com, LLC",24/07/2008 05:02,24/07/2026 05:02
bacf71ec-997b-44ff-9e62-f1105dccaeeb,delivery.at,sold,72,27,8,easyname GmbH ( https://nic.at/registrar/414 ),,
8e9fefb7-4d31-405b-ab4b-65d2b3abb552,delivery.attorney,available,72,27,8,,,
91eadb79-3e34-460f-8064-85e368beb9e2,delivery.auction,available,72,27,8,,,
d8b6a557-7e11-4cc2-b8e7-a0748347159f,delivery.audio,available,72,27,8,,,
e9f99247-0532-4d2f-8133-8f275a910acb,delivery.auto,available,72,27,8,,,
bd1c9723-15ef-49dc-aa47-eb77baae7f63,delivery.baby,premium,72,27,8,,,
3bba38f3-5c0a-49ca-b51b-c27cb345972d,delivery.band,available,72,27,8,,,
c9078577-fcbb-4e5d-ac71-57f5b9931db9,delivery.bar,premium,72,27,8,,,
652cd894-7bf4-4414-8aa6-fb9f4bd569e0,delivery.bayern,available,72,27,8,,,
dc55bc1d-c4a1-4534-94fc-1a324d6eb21f,delivery.beauty,resell,72,27,8,"Spaceship, Inc.",08/02/2025 16:49,08/02/2026 23:59
17f45ef8-88e8-4283-b262-71eedf98bdd9,delivery.beer,resell,72,27,8,"Spaceship, Inc.",12/12/2025 20:54,12/12/2026 20:54
3fb6dea1-53d0-41f5-b1b7-a2f039cb701c,delivery.berlin,available,72,27,8,,,
751f135b-230b-4072-9680-922fd0b1cdda,delivery.best,premium,72,27,8,,,
5d6f202a-1c30-44a7-9307-f0c2bbf792d3,delivery.bet,resell,72,27,8,Porkbun LLC,21/08/2024 08:05,21/08/2026 08:05
53cad143-2958-47df-bce5-9acd3c490a33,delivery.bike,premium,72,27,8,,,
dbb09e63-68b5-4f70-b6e5-bd62726dd6a5,delivery.bingo,available,72,27,8,,,
0d30d7bc-b8ee-4363-93e1-dead7eb8ac1d,delivery.biz,premium,72,27,8,,,
7d6a7b0d-f607-4e65-b643-9a7302976aa9,delivery.black,available,72,27,8,,,
620325ae-34b9-4bd4-9711-29423297cab6,delivery.blackfriday,available,72,27,8,,,
0e68ad85-714f-4cb6-ad9a-039568e3fd7d,delivery.blog,premium,72,27,8,,,
65d617e3-d658-4074-a62b-1f913ebc192d,delivery.blue,available,72,27,8,,,
5606aadb-7b73-45db-afe4-5a2bc47d8c6a,delivery.boats,resell,72,27,8,"Xiamen ChinaSource Internet Service Co., Ltd",26/04/2025 08:19,26/04/2026 23:59
933c0be9-6fa2-4fb2-94d2-e3344709ad54,delivery.boo,premium,72,27,8,,,
cdd8fd8f-8a56-41f4-911f-72ac125ae3bc,delivery.boston,premium,72,27,8,,,
1a5c258b-dd05-42fb-86da-80ef1944dca8,delivery.bot,expiring,72,27,8,"NameCheap, Inc",13/01/2025 00:15,13/01/2026 00:15
a8916fde-607c-4fdd-acf2-6385f438d36f,delivery.boutique,resell,72,27,8,"Sav.com, LLC - 20",23/07/2025 15:15,23/07/2026 15:15
f2e0cd2d-878a-41ab-bcec-a01d2405f1b6,delivery.build,available,72,27,8,,,
2e417fb0-55d2-4228-af44-41c060699415,delivery.buzz,premium,72,27,8,,,
32a71578-029d-45ba-8166-4fc0d3e3d892,delivery.cab,available,72,27,8,,,
328c83b9-c38c-4ec6-8bea-191486df83e1,delivery.cafe,available,72,27,8,,,
58c39978-12d2-406e-bba4-842f6cf20830,delivery.cam,sold,72,27,8,"Spaceship, Inc.",07/12/2024 18:33,07/12/2026 23:59
d0840f23-e62f-4281-98c9-1e1bd6c545cf,delivery.camera,available,72,27,8,,,
251aa2ea-becc-4b56-b817-91dcad6e0fa6,delivery.camp,available,72,27,8,,,
cafe11be-7b75-45c8-b799-c96416af7c07,delivery.capital,premium,72,27,8,,,
83fd1cda-fb52-4b56-a3ac-5aec0cf35c11,delivery.car,available,72,27,8,,,
b5d72595-a94e-48cc-8d64-f341da8a3c1f,delivery.cards,premium,72,27,8,,,
be4d3365-3d6b-4540-9114-c651642f6209,delivery.care,premium,72,27,8,,,
bfcee26f-4ed5-478d-a5b3-490de2551456,delivery.cars,available,72,27,8,,,
36c9c4f9-9c9b-4003-ba6b-cc2175990367,delivery.casa,premium,72,27,8,,,
30f8580f-933d-443d-8984-e7e00eb97a59,delivery.cash,premium,72,27,8,,,
fa176a1e-47e6-4c51-a193-aa08299957c5,delivery.casino,available,72,27,8,,,
85309afa-09ff-4aad-b06e-fe921357534b,delivery.center,resell,72,27,8,"NameCheap, Inc.",07/07/2015 14:43,07/07/2026 14:43
75385573-0ff1-4008-a5ee-586aecb8a9ca,delivery.ceo,available,72,27,8,,,
6b717b48-2b48-47bc-b240-5fa0d67e01c2,delivery.cfd,premium,72,27,8,,,
2bda8be3-fe3e-47e0-90a5-2e6a81ce5f1e,delivery.charity,available,72,27,8,,,
2544eaa0-b06f-4dc2-b217-0f5d8e0b580e,delivery.chat,expiring,72,27,8,"GoDaddy.com, LLC",04/01/2024 00:52,04/01/2026 00:52
a603f91e-4341-47b3-8aca-14c5af9cfea0,delivery.cheap,expired,72,27,8,"Spaceship, Inc.",17/10/2024 09:28,17/10/2025 09:28
c7b60840-a910-4d5f-9bca-81c105fd45b5,delivery.christmas,available,72,27,8,,,
238aa5cd-95c6-40b1-8eaa-0820f076d940,delivery.church,available,72,27,8,,,
56c8b2a5-f819-48b4-8141-50b4243c1be2,delivery.cleaning,available,72,27,8,,,
9c99b9c7-3de1-4b4f-a96f-96fab1b6af47,delivery.clinic,premium,72,27,8,,,
d7348c4f-1fd5-4107-8078-51a41fdd717c,delivery.clothing,available,72,27,8,,,
2f0f9c8d-fa49-4d6d-b134-b6bfd8bdf5f6,delivery.cloud,premium,72,27,8,,,
905a8be4-aab4-4b3a-a1bf-fdba1cab62a3,delivery.club,premium,72,27,8,,,
dcb74598-5f99-4f5e-a4a6-f09b784dfe15,delivery.co,resell,72,27,8,Hello Internet Corp.,24/02/2010 23:58,23/02/2026 23:59
ba238ec5-bd3a-4dcc-b9d8-fdc6b5a12675,delivery.college,premium,72,27,8,,,
9e50e6b9-889e-4850-a7ec-aebb3d59f14c,delivery.company,resell,72,27,8,"Spaceship, Inc.",08/09/2023 15:15,08/09/2026 15:15
1a182bb4-435e-4db3-8cca-77952a479afa,delivery.computer,available,72,27,8,,,
0a6d01d5-2780-49a9-953c-b675538763cd,delivery.condos,premium,72,27,8,,,
1cb2bc40-dae8-41ae-9a4a-6f2cc3dad4ca,delivery.consulting,available,72,27,8,,,
2ac4199a-8091-489f-993b-2e986b193997,delivery.contractors,resell,72,27,8,"GoDaddy.com, LLC",11/04/2014 23:06,11/04/2026 23:06
05ef761a-87a7-41e6-b753-6a1c511e25b4,delivery.cool,expired,72,27,8,OVH SAS,06/11/2024 14:42,06/11/2025 14:42
4a02ca5c-8b8e-4140-904a-ae6e40c3511a,delivery.country,available,72,27,8,,,
210186ff-20f1-400a-86cf-a509c0bb231c,delivery.courses,available,72,27,8,,,
956b707d-0bad-40b9-b63b-f83fab9e4587,delivery.creditcard,available,72,27,8,,,
613e0974-b058-4d6a-a209-1a5f1160158d,delivery.cricket,premium,72,27,8,,,
0c1b73bf-0541-4656-8508-a4897119a9ec,delivery.cruises,available,72,27,8,,,
66a619b0-b585-4632-9322-aaa09580a14b,delivery.cyou,premium,72,27,8,,,
e1d68458-b2ed-49f8-888c-b5f78ae76544,delivery.dad,premium,72,27,8,,,
bdcabdd2-f0f6-466b-a076-648fa3f73107,delivery.dance,available,72,27,8,,,
0c8864ab-ea12-42b0-b22c-2af4a25ef0f9,delivery.date,premium,72,27,8,,,
92146f97-2de2-4005-9968-6bf3788d8576,delivery.dating,available,72,27,8,,,
bd707566-21b4-484f-a56f-df22580f06a0,delivery.day,premium,72,27,8,,,
ee307319-bba8-47ac-9f55-a14afc992b50,delivery.deal,premium,72,27,8,,,
01cd98d3-b64f-40aa-aa98-20cfeebbb13b,delivery.dealer,premium,72,27,8,,,
1e7c45a3-1488-4692-bc5a-68b56374b0d7,delivery.degree,available,72,27,8,,,
ca33d218-4cba-41dd-9e16-03aac4f6bdfb,delivery.delivery,premium,72,27,8,,,
6d5e9957-82ec-41ab-8693-2d7aa7e99768,delivery.democrat,available,72,27,8,,,
9526b39a-d521-482c-981f-24c9393e9b42,delivery.dental,available,72,27,8,,,
effc54af-36d0-4510-83cf-31cd1efaf462,delivery.dentist,available,72,27,8,,,
7d2af366-5148-4721-8db3-461d7945b944,delivery.dev,premium,72,27,8,,,
2b6d933c-55f9-4f69-a035-e7e489af980c,delivery.diamonds,available,72,27,8,,,
37c7f652-abca-4478-9a31-662b8ef8f77c,delivery.diet,available,72,27,8,,,
8b771fb5-774c-4dee-855f-1503ab859ce0,delivery.directory,resell,72,27,8,"GoDaddy.com, LLC",19/02/2014 16:00,19/02/2026 16:00
370b0491-1fbe-4ec0-90ad-654966bbc1d3,delivery.discount,premium,72,27,8,,,
532dc594-e15b-46ce-9c7b-80a447fe8bde,delivery.diy,premium,72,27,8,,,
a6d41048-62e3-4985-811e-f28103653809,delivery.doctor,available,72,27,8,,,
d549c38c-6f86-413c-94ce-8f8e6b5d2e93,delivery.dog,expiring,72,27,8,Domain Science Kutatási Szolgáltató Korlátolt Felelősségű Társaság,18/12/2024 14:29,18/12/2025 14:29
78efca6c-c235-464d-bf2a-6c069fb72e13,delivery.domains,premium,72,27,8,,,
cc9df334-dd05-4471-9ff2-ea7400870914,delivery.download,premium,72,27,8,,,
60418042-e8e3-4bf4-ab3e-21572b4ba7fa,delivery.education,available,72,27,8,,,
f0bb7a03-03cb-4ec7-8c90-282986dcb171,delivery.email,resell,72,27,8,"DNSPod, Inc.",07/10/2020 21:09,07/10/2026 21:09
9adf5bb5-d860-4712-9670-527101a69d6c,delivery.energy,available,72,27,8,,,
653d270f-2f29-4aa0-8c5f-74503e0609e2,delivery.engineer,available,72,27,8,,,
2a32f87f-06b6-4e5a-b03f-9149ac862cfe,delivery.equipment,available,72,27,8,,,
c24b0f29-cca9-4aa7-b773-568d5dceee84,delivery.esq,premium,72,27,8,,,
1be070e2-237d-4603-bd8e-e4cacbfe898f,delivery.estate,available,72,27,8,,,
834ce164-bc93-468a-8bd6-addfb5615894,delivery.events,premium,72,27,8,,,
ff25ef84-905a-44c2-b70a-a812c9d47461,delivery.express,resell,72,27,8,Unstoppable Domains Inc,28/09/2025 09:31,28/09/2026 09:31
717579aa-040b-463b-a7fe-db560e30b86a,delivery.faith,available,72,27,8,,,
bcf44165-6868-4d30-90bc-1e9a7259f45f,delivery.fan,premium,72,27,8,,,
5357a4d4-80ac-4d38-8be0-e8e0e397cf51,delivery.fans,premium,72,27,8,,,
7515e5f4-40fe-44ad-8d91-cf6e4d6889fa,delivery.fashion,resell,72,27,8,Porkbun,12/03/2025 10:54,12/03/2026 10:54
52fea6f9-bb9d-4227-96b5-f93b6350f5f5,delivery.film,available,72,27,8,,,
605d7200-4935-4389-868d-f80767728ab1,delivery.financial,premium,72,27,8,,,
55750f1c-00b2-4ec5-9903-4d43166340e9,delivery.fish,premium,72,27,8,,,
0305c8bf-94d4-4d29-8660-7f08c02e4278,delivery.fishing,available,72,27,8,,,
fa36b3e2-6929-4a6f-9604-d2511e370440,delivery.fitness,premium,72,27,8,,,
149a1e5e-b833-4eed-99dd-469aa417d602,delivery.flights,premium,72,27,8,,,
59d7dd4a-2f65-4660-9ba5-966a5886cd0f,delivery.florist,premium,72,27,8,,,
729828b1-6309-40d8-bbb2-f8153a18d27a,delivery.fm,premium,72,27,8,,,
a1e16c17-f37f-4372-b1d7-b72de7cbd6ce,delivery.foo,premium,72,27,8,,,
3c7e00f7-2fcd-437c-bd38-8293b3639b5f,delivery.food,premium,72,27,8,,,
27bdcf10-c1bf-4948-9c05-67cbb05b9831,delivery.football,available,72,27,8,,,
837fd92d-42e1-4823-8a01-e549293ef629,delivery.forsale,available,72,27,8,,,
ec707084-15dd-4291-8952-ed867feeae3b,delivery.forum,premium,72,27,8,,,
d4c0a23c-b99c-4efb-a93d-2ee495bdf133,delivery.foundation,premium,72,27,8,,,
cec92926-05b8-4b93-a9d4-d6ae2de90b4c,delivery.free,premium,72,27,8,,,
c451cf1d-05ce-482f-a021-b43dc7b2f9c9,delivery.fun,premium,72,27,8,,,
e371e6bb-a826-4097-81f0-6d3d56911331,delivery.fund,premium,72,27,8,,,
4b5434e8-b47d-427d-9a02-34a2c1bdbdff,delivery.furniture,premium,72,27,8,,,
cc3ac60a-bcca-45f8-a438-a58096a73915,delivery.futbol,available,72,27,8,,,
67fdbc3e-5291-4464-8215-b43bd300b6e0,delivery.fyi,resell,72,27,8,Dynadot Inc,05/10/2023 03:01,05/10/2028 03:01
f788eb11-7aef-4db3-914c-2ff3bcf3c145,delivery.gallery,premium,72,27,8,,,
3b1b039e-ff33-4919-9385-5d458b18c8f3,delivery.game,available,72,27,8,,,
1e286cf1-bcbb-4fb6-b37c-975d3188897a,delivery.games,premium,72,27,8,,,
9f21eacb-2ddb-48c9-8fcc-7f31fde253f5,delivery.gay,expiring,72,27,8,"Spaceship, Inc.",07/01/2025 13:57,07/01/2026 13:57
52a94da8-f984-4518-ba95-94e8cd016d7f,delivery.gift,premium,72,27,8,,,
344b6ad4-54ae-42ac-97ce-d90e83cd0425,delivery.gifts,premium,72,27,8,,,
abf96a31-3c53-421c-b736-795e220c4d1a,delivery.giving,available,72,27,8,,,
726dffb3-4e1f-433f-91ad-a6504e6df930,delivery.glass,available,72,27,8,,,
c2d426ca-fccc-4465-84fa-9b46dbc55f65,delivery.global,premium,72,27,8,,,
733cc2f2-0be4-4b03-b325-bf8f4d898e24,delivery.gmbh,available,72,27,8,,,
b71969c6-49a0-4bde-82a0-59945b1816e8,delivery.gold,resell,72,27,8,"DNSPod, Inc.",03/03/2021 08:19,03/03/2026 08:19
c169246d-0c11-4e1c-a202-3581aa4b1e35,delivery.golf,available,72,27,8,,,
e73ca76c-67f0-4f0c-a09f-9177db1cb143,delivery.gratis,premium,72,27,8,,,
61470ddb-0254-4864-91f6-14f806cfd436,delivery.green,premium,72,27,8,,,
67c265e8-8ee0-4a96-9dfc-f104c621cdb0,delivery.group,resell,72,27,8,"Chengdu West Dimension Digital Technology Co., Ltd.",09/11/2018 23:23,09/11/2026 23:23
c6e448a8-7994-420c-9fcc-c3599be92083,delivery.guitars,available,72,27,8,,,
0eb04cba-bae3-4506-a520-c5768cf5eb51,delivery.hair,available,72,27,8,,,
65d440f4-4f12-497b-81ea-fc8fd3c34215,delivery.haus,expiring,72,27,8,"GoDaddy.com, LLC",06/01/2025 23:12,06/01/2026 23:12
08065e1f-158e-4084-9cec-bf182966046b,delivery.healthcare,available,72,27,8,,,
9e00dddd-bd00-4b79-bc77-50b13674d82c,delivery.help,premium,72,27,8,,,
427f1925-a338-47a0-a536-28f6ae23df07,delivery.hiphop,available,72,27,8,,,
809e7a3e-fb34-4155-8a1f-b54365d24a43,delivery.hiv,available,72,27,8,,,
7af77093-410e-4efb-a05e-8a6488bfe810,delivery.hockey,available,72,27,8,,,
14c18795-b138-495e-868c-373a3043b530,delivery.holdings,available,72,27,8,,,
7374577d-9cac-41a9-af33-fef893ba6727,delivery.holiday,available,72,27,8,,,
f3c5c902-cea7-4990-97a4-6900fd25fb20,delivery.horse,available,72,27,8,,,
1be50b9b-cb51-457f-bc45-250432dac8c0,delivery.hospital,available,72,27,8,,,
d7ac439b-4151-41fe-94ff-a9e9245672a8,delivery.host,premium,72,27,8,,,
d30b6bf8-ea22-4ad1-b0a8-ed7eeb7998bb,delivery.hosting,available,72,27,8,,,
025ba14b-a901-4515-ae8c-e36680669403,delivery.hot,premium,72,27,8,,,
23651370-15b6-4297-8007-501ad2c6d82c,delivery.house,resell,72,27,8,Dynadot Inc,28/06/2025 17:00,28/06/2026 17:00
54a60b81-174d-4604-9568-bae5946b819a,delivery.icu,premium,72,27,8,,,
b4ddfa27-b2f3-4cb5-a233-f4df1eeb9f43,delivery.im,premium,72,27,8,,,
b8cbc512-54d9-4a66-a54d-23740c1d9640,delivery.immo,available,72,27,8,,,
95c2ab97-25fc-42dc-8fdb-f63d64daa98c,delivery.immobilien,available,72,27,8,,,
8dd0668f-8282-408b-abb9-b8fdeafa3284,delivery.inc,premium,72,27,8,,,
29c4bd44-f6d6-4a14-8c69-525330823d64,delivery.industries,premium,72,27,8,,,
0415a1f0-0db9-4747-b40a-6c91a6118946,delivery.info,resell,72,27,8,"Domain Registration Services, Inc. dba dotEarth.com",13/07/2002 19:25,13/07/2026 19:25
e7f1f919-10ec-4470-91fd-b0e3c54557b4,delivery.ing,premium,72,27,8,,,
c9c89a2b-a9c4-4ce4-b265-1d50269b37eb,delivery.insure,expired,72,27,8,Porkbun LLC,19/10/2024 16:44,19/10/2025 16:44
146c169d-45a7-4c94-bf9f-d901b7fd68bf,delivery.investments,available,72,27,8,,,
1bca74d7-3b7f-44f0-a435-2ff49ad77a9d,delivery.io,sold,72,27,8,Porkbun LLC,17/07/2015 00:30,17/07/2026 00:30
56069399-a371-4121-b024-68a8bd003834,delivery.irish,available,72,27,8,,,
9ef0eea5-9ceb-4ff4-9b27-369d6b7d4e18,delivery.jetzt,available,72,27,8,,,
8a949367-279e-48d2-b3b5-21546c8719c2,delivery.jewelry,available,72,27,8,,,
1db25d6e-96fb-4ab1-af3a-0a817db1e165,delivery.juegos,available,72,27,8,,,
40a867da-f302-4107-a004-051bc3fbf299,delivery.kaufen,available,72,27,8,,,
d6e0b16e-df67-4574-9445-d7908f1b684b,delivery.kids,premium,72,27,8,,,
7547ae9f-38b5-4970-a8d8-c52ea22de002,delivery.kitchen,premium,72,27,8,,,
7a1f7293-aeea-4df8-a859-7b39f2803fd9,delivery.la,resell,72,27,8,Dynadot LLC,06/12/2006 01:00,06/12/2026 23:59
62a23f49-6b70-44ce-aed3-c7dce6122259,delivery.lat,resell,72,27,8,Dynadot LLC,05/05/2025 11:56,05/05/2026 23:59
5a42634a-789b-45f5-bf2a-53715d78584d,delivery.law,available,72,27,8,,,
d1ac6ab6-15d9-47fe-a34c-176f30b0a275,delivery.lawyer,available,72,27,8,,,
2eb0f253-eceb-4570-8d09-def6b87ddf44,delivery.lease,premium,72,27,8,,,
950fc724-2d09-477c-8506-ed734e0fec45,delivery.lgbt,available,72,27,8,,,
29769b94-5bfa-41c8-af67-903b777da64e,delivery.life,resell,72,27,8,"Spaceship, Inc.",10/11/2021 13:15,10/11/2026 13:15
ed1fc987-f074-40c8-bc40-6597b7ea14b7,delivery.lifestyle,premium,72,27,8,,,
a301c556-e2da-4424-9587-d544c7e2f418,delivery.lighting,available,72,27,8,,,
f398ac12-0d0f-4362-8d44-b78d17db1a6f,delivery.limited,premium,72,27,8,,,
1aaf9661-b0ec-4079-ba1d-be5fa1250500,delivery.limo,available,72,27,8,,,
6c10523b-42b2-4031-9b3f-6317f4c1ec52,delivery.living,premium,72,27,8,,,
fd1939e2-ae8f-422c-92e0-d11dc1956073,delivery.llc,premium,72,27,8,,,
b9282355-ac3c-4d43-9071-c8c46189f422,delivery.loans,available,72,27,8,,,
3fd2705c-6928-4bd3-87fe-06df3785e1d4,delivery.locker,premium,72,27,8,,,
313dc61b-00f6-4e7e-961e-0a25cf50522f,delivery.london,premium,72,27,8,,,
80406fcd-d4cb-4c08-b4b9-29c697f25b77,delivery.love,premium,72,27,8,,,
46e21cd7-0ee0-48dd-a07f-96d3b13ab5c4,delivery.ltda,premium,72,27,8,,,
4adeffb1-df6c-473e-bd41-dbf98727f8ed,delivery.luxe,available,72,27,8,,,
c322cfa8-fb54-47f6-9639-faebf15b1206,delivery.luxury,available,72,27,8,,,
2c736986-b0d3-40f4-9e43-8cda53023e2d,delivery.maison,available,72,27,8,,,
e3db6288-af7a-433f-9d93-ffbbe704531b,delivery.makeup,available,72,27,8,,,
bde3f6fd-0f1c-4dfa-bddd-5e2be858dffe,delivery.marketing,premium,72,27,8,,,
9b932117-1a5a-4640-9820-5a08267a2ad2,delivery.mba,available,72,27,8,,,
ea8967de-96bf-4809-aaa9-4a4f5ad98346,delivery.media,resell,72,27,8,"DNSPod, Inc.",25/04/2024 15:15,25/04/2026 15:15
9351c833-4f50-4666-8a5a-f4d292b4cfa6,delivery.melbourne,premium,72,27,8,,,
57376f6b-4659-4178-af91-d6a3ab217648,delivery.meme,premium,72,27,8,,,
e949fdd5-7ef7-40a0-8722-fe775486c432,delivery.memorial,available,72,27,8,,,
d3591147-ecd1-4731-84ec-2e2788117754,delivery.men,premium,72,27,8,,,
57f84cba-123f-4706-97b4-046382429641,delivery.menu,premium,72,27,8,,,
21dd6381-8fdb-48a2-8600-df83198bab85,delivery.moda,available,72,27,8,,,
b3fd3e96-4fb3-4973-b5d3-a9272119ac91,delivery.moe,premium,72,27,8,,,
474b5be6-f9ba-4d52-a6e3-2862b2b95e81,delivery.mom,available,72,27,8,,,
9abf4b4b-3666-442f-a839-dd47310ad80b,delivery.money,available,72,27,8,,,
241f12c7-606c-4e98-ba27-f87256759772,delivery.monster,resell,72,27,8,"Spaceship, Inc.",19/01/2025 16:01,19/01/2026 23:59
4c06e2fa-9a38-490b-901c-7be454ea32d7,delivery.mortgage,available,72,27,8,,,
993f12bb-a630-4e3c-8bdd-5473382452ed,delivery.motorcycles,expiring,72,27,8,Namecheap,11/01/2025 02:55,11/01/2026 23:59
62f86821-15d8-4f24-9f45-5e729410455c,delivery.mov,premium,72,27,8,,,
bc21e9a4-d2c6-466e-97a7-6b2de67a0d50,delivery.movie,available,72,27,8,,,
4e2b1ad0-4e24-47d5-a960-4774e7f4c9ee,delivery.music,premium,72,27,8,,,
4757ba69-e05e-4378-aeeb-3b2e9104d083,delivery.mx,expired,72,27,8,Dynadot Inc,15/12/2024 00:00,15/12/2025 00:00
897377b1-c3f0-4926-9740-20eabbfa12f6,delivery.name,premium,72,27,8,,,
c4f9f0bd-b9e5-4891-aaa2-c7dfaca08104,delivery.navy,available,72,27,8,,,
bfc3cab2-4b75-4250-9dfb-5474952dbd0d,delivery.network,sold,72,27,8,Nom-iq Ltd. dba COM LAUDE,10/12/2014 16:27,10/12/2026 16:27
bea2c5c1-1b7f-4e71-bcd0-0ac62fa401e2,delivery.news,premium,72,27,8,,,
d5ec86af-b86d-4077-9736-c90052668c75,delivery.nexus,premium,72,27,8,,,
1bf3f5f9-a9f7-4962-8a9b-73338b700b7a,delivery.ngo,available,72,27,8,,,
8e5b5e16-d803-4d28-beb9-1bc82e6da9f5,delivery.now,premium,72,27,8,,,
8d9fe237-6364-4a71-a2ec-87978b8a4abf,delivery.observer,premium,72,27,8,,,
9aa90358-28c1-498c-a997-9d51d7374d42,delivery.one,premium,72,27,8,,,
de1bb95e-4861-4903-bfd4-a06acbc8f3ce,delivery.ong,available,72,27,8,,,
19c74943-7dec-4ce8-a20e-c676e0964dc1,delivery.online,premium,72,27,8,,,
ed91686f-22cd-49ca-8a37-99f62792421a,delivery.ooo,available,72,27,8,,,
8baf64c1-99e5-4298-a143-058a303391b9,delivery.org,resell,72,27,8,"GoDaddy.com, LLC",09/06/1997 04:00,08/06/2026 04:00
12f42859-afef-449b-b133-9760101b434e,delivery.osaka,premium,72,27,8,,,
bb472541-b8dd-4061-b677-4d33cb6aad09,delivery.page,premium,72,27,8,,,
849bf4ac-5e3e-4357-9c79-55a28efb2262,delivery.parts,premium,72,27,8,,,
51d3d20d-da58-4ab6-b697-d0ea08799e0b,delivery.phd,premium,72,27,8,,,
3da2d365-5e10-424e-91b4-7a8ef2ad87b2,delivery.photography,available,72,27,8,,,
b5ba79e6-bcdf-4c7a-9345-990ee49d083d,delivery.pictures,available,72,27,8,,,
ba75604b-d54e-4d3a-b0a7-25799b969e49,delivery.pink,premium,72,27,8,,,
4fc152f8-f5e1-424b-91a1-44375c582ff8,delivery.plumbing,available,72,27,8,,,
08e50051-7bcc-4547-9271-d40581e6f648,delivery.poker,available,72,27,8,,,
ed4439ce-a393-4ead-9cb1-d8d625a7096d,delivery.porn,available,72,27,8,,,
1d36a208-a47f-431c-8e72-0b8a5eb34912,delivery.press,premium,72,27,8,,,
fc1d7564-2e31-44ce-86b9-f8127fafd5e9,delivery.pro,sold,72,27,8,"Sav.com, LLC - 3",28/11/2023 15:15,28/11/2026 15:15
4516e968-63f3-4f56-bcbc-03483e82cafb,delivery.productions,premium,72,27,8,,,
96b9e524-044a-43c3-b0b6-bf57f7a14094,delivery.prof,premium,72,27,8,,,
f1e07928-0c0f-4b65-a994-a934f7f9c854,delivery.properties,premium,72,27,8,,,
6d0b4fca-a062-47fa-a37e-b7d58ab6cf00,delivery.property,premium,72,27,8,,,
ce97d001-d325-492d-85b5-0e1cbc3c0e45,delivery.protection,available,72,27,8,,,
c4872d43-43c0-4a02-9289-bfcdddca5087,delivery.pub,available,72,27,8,,,
afefe7c1-a6f0-447f-a9f1-ea087d266b81,delivery.pw,resell,72,27,8,"Xiamen ChinaSource Internet Service Co., Ltd",25/11/2025 11:45,25/11/2035 23:59
a6705746-838b-4208-8e4d-97ecb088355b,delivery.qpon,premium,72,27,8,,,
4652391d-b2b0-47b4-9998-db96694821bc,delivery.racing,available,72,27,8,,,
efbf589d-ad0f-4d69-bb80-6e7ccb0a1123,delivery.realty,available,72,27,8,,,
8973df09-f173-456c-ae98-90e8d11b191c,delivery.recipes,available,72,27,8,,,
53aecb06-f51c-460f-b273-510b57ffdf40,delivery.red,available,72,27,8,,,
9f6bde79-fe2e-4386-8ad6-91cce245e72b,delivery.rehab,available,72,27,8,,,
4c573cd0-35b7-4237-98b6-cc9cc3262929,delivery.reise,available,72,27,8,,,
d677b71d-819a-4427-a241-3d8694b5a0bc,delivery.reisen,available,72,27,8,,,
4743df7e-eec2-4b1f-b078-d6ac083b7f20,delivery.rent,available,72,27,8,,,
b300772a-d353-4d63-bcf7-216a8e2341fe,delivery.rentals,premium,72,27,8,,,
798a15fd-0e5c-4812-8569-34bfd622aed5,delivery.repair,available,72,27,8,,,
6fcf309b-7f4a-4105-a2d4-9ea4b85e6544,delivery.report,sold,72,27,8,Squarespace Domains II LLC,27/12/2020 00:36,27/12/2026 00:36
8a02ae9c-4450-4016-9dc1-528b5daaf28a,delivery.republican,available,72,27,8,,,
9cb2f7e5-fcde-4b94-a628-83ca82469f59,delivery.rest,premium,72,27,8,,,
99f5edaa-31a5-49cc-b894-c5acbff61a8e,delivery.review,premium,72,27,8,,,
b00bfa9f-6223-4cb1-ac75-20ef32f977c4,delivery.rich,available,72,27,8,,,
dd591f11-a2a9-427c-97af-0ee5f5b91a0f,delivery.rsvp,premium,72,27,8,,,
e9500bb2-dd08-416e-8592-63ea3b83c031,delivery.run,resell,72,27,8,"DNSPod, Inc.",13/01/2019 20:32,13/01/2027 20:32
ff7e055f-f3d7-4905-a7e7-98061950ecdd,delivery.sale,resell,72,27,8,"DNSPod, Inc.",23/09/2021 17:00,23/09/2026 17:00
84537087-7950-4e0f-84a4-98a8177c7c2d,delivery.salon,available,72,27,8,,,
3b43630d-494d-4002-98e4-2bad10bb980f,delivery.sarl,premium,72,27,8,,,
7f7f5963-46e2-4cc0-91eb-b19050e55d2e,delivery.sbs,premium,72,27,8,,,
0a058257-9dd9-43ba-a828-57430b71c875,delivery.school,available,72,27,8,,,
57de11e6-48e8-4982-8ab9-cebc6dec48a5,delivery.schule,available,72,27,8,,,
3b2963fa-ef12-4d64-82ff-733bb1264780,delivery.science,premium,72,27,8,,,
37024819-d586-4ff0-aae2-65aab80d521d,delivery.security,available,72,27,8,,,
5198b64b-2e73-4ee6-b88a-02c56c6f598d,delivery.sexy,available,72,27,8,,,
3abc9036-86cb-4631-82f7-8111268cecc9,delivery.sh,resell,72,27,8,"Sav.com, LLC",26/11/2024 11:38,26/11/2026 11:38
d97873d9-99e1-462f-b914-b66ca32c3e96,delivery.shiksha,available,72,27,8,,,
6a60a5e1-39b6-4be5-99d6-8b1fc0720b05,delivery.shoes,available,72,27,8,,,
f4ce8368-4d21-495f-8c10-27d9c69d03f6,delivery.shopping,premium,72,27,8,,,
fddfd3dd-22da-42a1-b344-b018407ed913,delivery.show,available,72,27,8,,,
f11e661f-f5c7-4606-a41f-3bdea992f3ea,delivery.singles,available,72,27,8,,,
6c9e3dd7-8720-4c57-96a9-a759de27a112,delivery.site,premium,72,27,8,,,
554ee91e-e7a5-4bd1-b285-3ce4fcbedf53,delivery.ski,premium,72,27,8,,,
f0cee980-e9ae-49cc-930b-de8b852c439a,delivery.so,resell,72,27,8,Dynadot LLC,13/09/2021 03:55,13/09/2025 03:55
17e9022a-9506-4e89-839e-9d2ef3f405ae,delivery.soccer,available,72,27,8,,,
b5785db1-e272-4076-b859-fcd127058063,delivery.social,resell,72,27,8,"Xiamen ChinaSource Internet Service Co., Ltd",13/09/2025 15:15,13/09/2026 15:15
4e7a7645-58ac-414d-893d-aac8034df630,delivery.solar,available,72,27,8,,,
bca0f577-9c17-4a51-abd9-0a38eefdde52,delivery.soy,premium,72,27,8,,,
d9848a53-100f-4c04-84c9-1d9f24f493e0,delivery.space,premium,72,27,8,,,
803b5b7d-f7e5-4ae1-b900-c21874d1397d,delivery.spot,premium,72,27,8,,,
19d99246-b49b-4f93-b863-dfb868d17090,delivery.srl,available,72,27,8,,,
b214da62-5935-472f-9799-60b31e1d3802,delivery.storage,available,72,27,8,,,
8064b8bc-742e-4800-80c6-92caf1ce73bc,delivery.store,premium,72,27,8,,,
3f97e1db-1278-462e-952a-1b216901994e,delivery.study,premium,72,27,8,,,
f861d4c0-43fe-4eb3-914f-f7a3316c74d7,delivery.style,premium,72,27,8,,,
ca37e980-b7af-492f-8722-a530a16db2da,delivery.sucks,premium,72,27,8,,,
3ce1e74a-05c1-4a51-bd30-f88ccaec7fb2,delivery.supply,premium,72,27,8,,,
5a4f08e6-ba92-4e49-88d8-ede5c08c6cfd,delivery.surf,available,72,27,8,,,
f4270c69-0e22-487c-ba46-e048c498092f,delivery.surgery,premium,72,27,8,,,
eb0a2c7f-4237-467e-8666-7d2ba34436c1,delivery.sydney,premium,72,27,8,,,
fd7e76ec-805a-4607-ae24-8ce50e9357cd,delivery.systems,premium,72,27,8,,,
16fd8d89-07cb-45f5-aca0-90c2e0e6cce3,delivery.talk,premium,72,27,8,,,
b990ff76-9ebd-46b2-9aca-cd2ccc58c549,delivery.tattoo,available,72,27,8,,,
d6145d1f-757a-443e-a70d-a47967c509fe,delivery.tax,premium,72,27,8,,,
280c9c9d-ea10-41ab-9ad5-c05f8bd1809c,delivery.tech,premium,72,27,8,,,
9a89a7b1-fdeb-4111-b7dc-954cb55e0c85,delivery.tennis,available,72,27,8,,,
1cc5aefe-6b9e-48df-9fce-bf384b3c6a3a,delivery.theater,available,72,27,8,,,
2e5eac78-51a9-4f99-8b9c-7000cbf37846,delivery.theatre,available,72,27,8,,,
34bcf602-8ba9-4e14-bb58-3153d31d2df5,delivery.tickets,available,72,27,8,,,
80b54389-acaf-4565-9d5f-dddbfc0c3cf0,delivery.tienda,available,72,27,8,,,
6fae4b59-2c4a-424c-9232-613eccf6cef1,delivery.tips,premium,72,27,8,,,
ea7d3d66-abd2-4812-91fc-4920c230c5bd,delivery.tires,available,72,27,8,,,
67bb1fd4-2175-46d2-9811-0e288f0af38f,delivery.top,expired,72,27,8,"NameSilo,LLC",17/10/2024 19:46,17/10/2025 19:46
c6f74c6a-84ab-4ef9-95bf-531d1785c621,delivery.tours,available,72,27,8,,,
44b28833-cc4d-4cfb-b139-54703396b7d5,delivery.town,premium,72,27,8,,,
a6ade3ba-b2ae-401f-92ce-76c83824a99c,delivery.toys,available,72,27,8,,,
9e69f91c-665d-4835-b9db-d545fa59d401,delivery.trade,resell,72,27,8,"Spaceship, Inc.",10/10/2022 08:38,10/10/2026 08:38
c2ac81a1-0230-4ecd-8366-5eca84bdd8d3,delivery.training,available,72,27,8,,,
44e6adc7-ee80-4ee4-b098-32e2f48aaa7c,delivery.travel,available,72,27,8,,,
c4411e63-5996-448a-b116-6000aa3b1923,delivery.tube,available,72,27,8,,,
07311f32-1878-4251-bdec-0675cd8c0373,delivery.tv,expiring,72,27,8,Dynadot Inc,04/01/2011 14:36,04/01/2026 14:36
10b27065-9c9d-44a6-948b-56686b12ba62,delivery.university,premium,72,27,8,,,
3e5d04ab-e041-4400-ba78-7afb53d61451,delivery.uno,premium,72,27,8,,,
52b3c0fa-60e5-46e5-a7e9-2da4d05e274c,delivery.vana,available,72,27,8,,,
714801d7-de03-4131-870c-82a8ea9b1f88,delivery.ventures,available,72,27,8,,,
1951ef34-0eb7-41e2-a101-01e527909d36,delivery.viajes,available,72,27,8,,,
a75ccdde-2917-4538-956e-0b23c3657574,delivery.villas,premium,72,27,8,,,
51743424-0758-404d-9dac-40f9321f1d44,delivery.vision,premium,72,27,8,,,
ce085cbd-2c30-4e2a-937e-85fea6c4b670,delivery.vodka,premium,72,27,8,,,
3c6c0d8e-9cc1-4460-9ae0-dcaed6b5971b,delivery.vote,available,72,27,8,,,
7221ca2b-2015-4d88-9e17-a45d5b442258,delivery.voting,available,72,27,8,,,
452fab55-a554-4225-af41-d4c4f1d51b99,delivery.voto,available,72,27,8,,,
79da46e1-7f5a-4cc5-816d-541b76b93ef1,delivery.voyage,available,72,27,8,,,
920e9607-10a7-44a3-926c-27708c498b02,delivery.watch,premium,72,27,8,,,
c8d9760b-6ead-4147-9bfc-bb5af3f3aa58,delivery.webcam,premium,72,27,8,,,
43cf4e3b-ea1f-424d-873f-e900f4f5e5e1,delivery.website,premium,72,27,8,,,
107583a9-bad9-4160-adda-7d0e33eb1956,delivery.wedding,premium,72,27,8,,,
42c0d5e0-5ac6-4953-be72-4e1981a6b85f,delivery.wiki,available,72,27,8,,,
fce07a06-dbaf-4534-bab8-9e2e66bf828a,delivery.win,resell,72,27,8,Porkbun,20/08/2015 15:34,19/08/2026 23:59
128ba783-a275-4236-a0a4-35389f510831,delivery.world,resell,72,27,8,"Global Domains International, Inc. DBA DomainCostClub.com",23/03/2019 09:00,23/03/2026 09:00
2253aeac-4b20-49cf-96e2-fe3a5c649e93,delivery.wtf,premium,72,27,8,,,
7f9ad50a-9a23-4ef2-8f17-0a74b1de13d7,delivery.xyz,resell,72,27,8,"Spaceship, Inc.",07/05/2025 00:52,07/05/2026 23:59
4d629095-3be1-4af3-863b-3ef3ef5e1f8b,delivery.yoga,available,72,27,8,,,
54ff522d-2d92-4afa-aff9-9ae974f4b686,delivery.you,premium,72,27,8,,,
d150f6dd-baa4-4a19-b572-14995d2f0c4e,delivery.zip,premium,72,27,8,,,
4394f1ab-3f54-43bd-8cec-7b1c1dd3f19d,service.academy,resell,70,33,7,"Spaceship, Inc.",07/07/2022 13:15,07/07/2026 13:15
c032f6e1-7002-4cbd-af74-0537b7f2f299,service.accountant,premium,70,33,7,,,
f12f58b6-26e7-4f04-9d62-da26db34095f,service.accountants,available,70,33,7,,,
36d7332a-7d4a-4caf-a257-88beabf4ff97,service.actor,available,70,33,7,,,
2bd1ffbf-583e-4bb6-860b-dfa4ed6f05e0,service.adult,premium,70,33,7,,,
a41c29c0-b65d-40b8-a12b-d9fd46ab4a12,service.airforce,resell,70,33,7,Cronon GmbH,19/05/2024 23:31,19/05/2026 23:31
bb0e4f83-9a90-4fa5-941d-cd7c57701e00,service.art,premium,70,33,7,,,
e06d4c9c-0f28-4bbb-93cc-2b8a6c3f014e,service.asia,resell,70,33,7,InterNetX GmbH,27/06/2008 07:04,27/06/2026 07:04
ef41ef29-cefa-4cb5-9fb7-07bdfc85e362,service.associates,premium,70,33,7,,,
bfea7755-9b55-4da6-8cfe-9c09e7d24801,service.at,sold,70,33,7,sourceheads Information Technology GmbH ( https://nic.at/registrar/181 ),,
4e7051a8-7b1d-4c2a-a933-eb2246d7b2d5,service.attorney,premium,70,33,7,,,
70fcae6b-42f0-46ba-b514-95d3c0e57ca6,service.auction,premium,70,33,7,,,
09e0a091-24af-4106-bcdd-9527b128aab4,service.auto,available,70,33,7,,,
1690c86f-586b-4b59-9b40-ab03ae56feed,service.autos,premium,70,33,7,,,
5e9eea33-4174-4ea6-b70f-6e576c282f75,service.baby,premium,70,33,7,,,
dde79cba-ff5f-4998-a664-1f30fe7f5959,service.bar,premium,70,33,7,,,
fbc3658f-f04d-47ef-b375-89ffce3c24a1,service.beauty,premium,70,33,7,,,
1a48d8e9-04df-4997-a1f6-9a39b79e6d42,service.berlin,premium,70,33,7,,,
d1f83171-0515-449c-8fb7-bf7c724376da,service.best,expired,70,33,7,Dynadot LLC,02/11/2018 09:03,02/11/2025 23:59
9de92dc1-6022-4042-bf56-c4511828a18a,service.bid,resell,70,33,7,Dynadot Inc,28/10/2020 04:48,28/10/2026 04:48
c154bad7-23a1-4fd7-ab42-8f35c198217e,service.bingo,available,70,33,7,,,
6f0dd394-9392-4e19-8186-e791937db1d9,service.bio,resell,70,33,7,"Spaceship, Inc.",11/08/2022 13:15,11/08/2026 13:15
f99f564a-e895-4dd7-a0c5-cd7a4a64004b,service.black,resell,70,33,7,"Xiamen ChinaSource Internet Service Co., Ltd",05/08/2025 15:15,05/08/2026 15:15
c15995f8-2993-4ce2-ba08-2789399e3d78,service.blackfriday,available,70,33,7,,,
e61e7430-558e-426e-8bd6-a4fd71461fce,service.blog,premium,70,33,7,,,
855413ad-bad3-498e-9421-5aa2cedf123d,service.blue,resell,70,33,7,"Spaceship, Inc.",17/04/2021 14:30,17/04/2026 14:30
93ccff2b-4061-4510-8d5b-5ffae25ffc24,service.boats,premium,70,33,7,,,
e066af79-4c1c-431a-8615-eb8e329374be,service.bond,premium,70,33,7,,,
5f82ea0e-ec6f-4e77-84e6-9c92a69c1ed4,service.boo,premium,70,33,7,,,
32facb66-ce7b-4018-8188-13963255ae59,service.boston,expired,70,33,7,"GoDaddy.com, LLC",10/10/2017 16:00,10/10/2025 16:00
80d0f36a-e828-4c8c-9e1a-e83772dcf950,service.boutique,sold,70,33,7,"Spaceship, Inc.",10/10/2025 08:39,10/10/2026 08:39
8f198ca0-e56e-44fd-9a68-251c80d2ebeb,service.build,premium,70,33,7,,,
94c99a86-e77d-493a-8b5f-3358fe1ea7a2,service.builders,expiring,70,33,7,"GoDaddy.com, LLC",03/01/2020 14:49,03/01/2026 14:49
77982f2c-4b84-45bc-8f95-186eb60ab573,service.business,resell,70,33,7,Dynadot Inc,26/05/2020 08:44,26/05/2026 08:44
e3b0583d-4c3e-4e95-b1d5-52388ab8594a,service.buzz,premium,70,33,7,,,
36bfd9d0-20ed-4424-97fd-7f56a395e710,service.cab,premium,70,33,7,,,
5d99c7f6-ccc5-4292-8272-b7daf5b19732,service.cam,expired,70,33,7,"Spaceship, Inc.",06/10/2024 05:50,06/10/2025 23:59
1e1693b8-9fa5-4e09-8bdf-a479c469ddb4,service.camera,available,70,33,7,,,
609a8987-c197-4df8-a5c2-040bd481d99c,service.camp,premium,70,33,7,,,
4e73d548-7363-4065-ae15-bf0feddf4255,service.capital,resell,70,33,7,"Sav.com, LLC - 24",25/11/2021 13:15,25/11/2026 13:15
dd76adbf-b8f1-45f8-b51f-6fbc656e567a,service.car,available,70,33,7,,,
b639c47a-59c6-43f6-9d67-3733a48d819f,service.cards,sold,70,33,7,"Key-Systems, LLC",22/09/2023 07:47,22/09/2026 07:47
aae01c74-0315-4899-a211-b97245d232a1,service.care,resell,70,33,7,Dynadot Inc,19/10/2015 22:38,19/10/2026 22:38
3c8579da-0d2e-4eff-a5e9-47d445059f24,service.cars,available,70,33,7,,,
11c9503e-c299-48d8-9f76-422a07245b14,service.casa,premium,70,33,7,,,
36d0b7de-9f23-40ee-8550-b9f37d095ea5,service.cash,resell,70,33,7,"Xiamen ChinaSource Internet Service Co., Ltd",06/11/2022 13:15,06/11/2026 13:15
c3aea69c-d421-49c3-9ad6-2fa01d037b93,service.casino,resell,70,33,7,"Sav.com, LLC - 14",19/09/2025 15:15,19/09/2026 15:15
e3f153d2-b12c-4576-8290-7d0310453c05,service.catering,premium,70,33,7,,,
e70f2d23-4881-48fb-b822-b7b9fcd5d69f,service.center,resell,70,33,7,"Sav.com, LLC",13/09/2023 17:55,13/09/2026 17:55
d2d122c8-d261-4309-ad41-8cd38c8bf1f0,service.charity,available,70,33,7,,,
b497f1d4-0c60-48f5-bd8e-110c08c0761f,service.chat,resell,70,33,7,"Spaceship, Inc.",03/08/2024 15:15,03/08/2026 15:15
95f9bc2f-5e41-4a6f-8797-b20b3c8cccd8,service.christmas,available,70,33,7,,,
860a918e-9fab-4932-9473-28fa0f8ae6fd,service.claims,premium,70,33,7,,,
2489afb6-4ac1-427e-a9d0-31b249ba1eeb,service.cleaning,premium,70,33,7,,,
e70bcf90-cd00-42ec-b359-02f450bfeaad,service.cloud,premium,70,33,7,,,
895ed0ef-b250-49fd-aa01-17c50346f598,service.codes,sold,70,33,7,"Sav.com, LLC",29/09/2025 08:06,29/09/2026 08:06
153e50cd-7235-4d92-80b2-be0865d02682,service.college,premium,70,33,7,,,
73faee48-67f6-435a-acbc-f36211567cef,service.company,resell,70,33,7,Dynadot Inc,09/09/2017 02:31,09/09/2026 02:31
68090515-5e36-456a-ab4d-722d7404116e,service.computer,premium,70,33,7,,,
e32b95ca-6e40-4a84-b8c1-758f908aae1f,service.construction,resell,70,33,7,"Sav.com, LLC",27/01/2025 17:08,27/01/2026 17:08
4a42d542-75d0-4110-a550-02558c39c807,service.consulting,premium,70,33,7,,,
b272a78c-ef10-40bf-8b04-f13803f2546e,service.cooking,premium,70,33,7,,,
27ff5efa-33d0-49e9-99d5-c24464bbcd4e,service.country,premium,70,33,7,,,
0a13aa0e-c105-4853-96e0-c936e236e18c,service.coupons,premium,70,33,7,,,
dc5356e0-20c5-4df1-926c-655515278c8f,service.courses,premium,70,33,7,,,
693a5b19-4123-4ac4-9878-c5c3611bebba,service.creditcard,premium,70,33,7,,,
204f7952-37be-450a-be89-6f09da67c4df,service.cricket,premium,70,33,7,,,
47f45512-bb9b-47d7-ba01-b2d0378eb4d2,service.cruises,available,70,33,7,,,
5ab3d64e-cc5b-4009-9a82-0388376094e5,service.cv,premium,70,33,7,,,
7d7b95e9-ce3c-447b-97e4-5b0252163f19,service.cx,resell,70,33,7,West263 International Limited,23/07/2024 00:00,23/07/2026 23:56
f3937e6d-4def-4016-9552-a23b24f04d36,service.cyou,premium,70,33,7,,,
1e20054a-0b0b-415a-94cd-d9b2b5a15ffb,service.dad,premium,70,33,7,,,
a9473418-173c-4e37-923f-1a2fb1023f03,service.dance,available,70,33,7,,,
61782778-3465-4d95-932b-c6cc3a9a438f,service.date,premium,70,33,7,,,
1fd50ed2-79f2-4bd2-9dea-e85e3e78ec81,service.deal,premium,70,33,7,,,
53fe1c2f-d1bb-4974-a709-737724e48f3a,service.dealer,premium,70,33,7,,,
e930f56d-c67b-441f-8da1-e336eca9f89c,service.degree,available,70,33,7,,,
441abff2-5223-4eb4-828a-5d1fd85678ac,service.delivery,resell,70,33,7,"NameCheap, Inc.",11/03/2015 23:36,11/03/2026 23:36
eeed6168-5387-4430-9eb6-830433199da0,service.democrat,available,70,33,7,,,
231705e4-b90c-4990-9ddf-33f41c0cec34,service.dental,premium,70,33,7,,,
486c3a1a-4a72-4bff-99ef-e177a3ee20dd,service.dentist,available,70,33,7,,,
f9f36a3c-a530-4309-8bf1-1d99284d51b4,service.diamonds,premium,70,33,7,,,
1e81645f-bc89-4007-bdc1-f53ea4e79ed1,service.diet,available,70,33,7,,,
afb82688-820a-401d-8c41-cbcc5b2616fc,service.digital,resell,70,33,7,"GoDaddy.com, LLC",15/01/2019 11:16,15/01/2026 11:16
be63930b-eaa4-4484-ba49-c3c26edf73db,service.direct,expiring,70,33,7,"Spaceship, Inc.",10/01/2024 15:15,10/01/2026 15:15
201fbc9a-7cb7-4ff4-a9c5-b2717d75a04b,service.directory,expiring,70,33,7,"NameCheap, Inc.",06/01/2024 18:55,06/01/2026 18:55
65044cf3-8dd1-462a-b5b0-8d2818ac68ae,service.discount,premium,70,33,7,,,
f51f6c73-897f-487e-a069-e32f6563c8bd,service.diy,premium,70,33,7,,,
dd832a62-2636-4c23-86ca-0a6adb08dd29,service.download,premium,70,33,7,,,
fc0c27a6-9e20-44d4-a8b5-9896a653f997,service.earth,expiring,70,33,7,"GoDaddy.com, LLC",10/01/2020 17:40,10/01/2026 17:40
4ff5646b-740f-44d5-8620-81fedb248b17,service.email,resell,70,33,7,"DNSPod, Inc.",20/09/2024 15:15,20/09/2026 15:15
8ad131eb-9f5f-4cb3-80a9-5637397b6109,service.energy,expiring,70,33,7,"GoDaddy.com, LLC",21/12/2021 13:15,21/12/2025 13:15
86943a6f-e365-4cf2-bf49-16adb20cac4f,service.engineering,resell,70,33,7,"Sav.com, LLC - 38",21/11/2024 17:00,21/11/2026 17:00
950190fc-765f-4973-8274-773c1f79dfdf,service.equipment,expired,70,33,7,"Sav.com, LLC",21/10/2024 19:44,21/10/2025 19:44
80110d12-abc4-4bb6-9900-eba40c1ae949,service.esq,premium,70,33,7,,,
32c2c1dc-32ae-44cf-a90c-f68b68d18bd3,service.eu,sold,70,33,7,Name: united-domains GmbH Website: https://www.united-domains.de,,
486e30bf-7cd8-45e6-bb26-47e0aed32b27,service.events,resell,70,33,7,Dynadot Inc,10/07/2025 17:00,10/07/2026 17:00
642ece8c-4b28-4975-831c-71c330b9d64f,service.exchange,resell,70,33,7,"NameCheap, Inc.",19/09/2023 08:19,19/09/2026 08:19
d49ca436-19c4-4e02-a696-33fb0f73a27a,service.expert,sold,70,33,7,1API GmbH,15/07/2015 16:00,15/07/2026 16:00
06b1aa7f-bd05-4d2c-a43d-dd05c83fce3e,service.exposed,sold,70,33,7,"Cloudflare, Inc",09/10/2025 12:16,09/10/2026 12:16
2d8a263b-7fb1-4455-91e3-fb0910cc574b,service.faith,premium,70,33,7,,,
dbe320e6-20c7-470d-9e1e-b657a05eddc2,service.family,premium,70,33,7,,,
0c1a43fe-9cb0-425a-a5ac-686f9f4e0ee7,service.fans,premium,70,33,7,,,
75e4f44c-9884-4180-9afa-d7a98688f278,service.farm,expiring,70,33,7,Dreamscape Networks International Pte Ltd,04/01/2016 23:37,04/01/2026 23:37
cb552a95-6bcb-45b9-9012-9f6847feff73,service.fashion,available,70,33,7,,,
07c17b02-fc81-4279-a93f-34a3849e47ed,service.fast,premium,70,33,7,,,
002cc5be-236e-40d4-9eb0-7fdc5fa1f9c0,service.film,premium,70,33,7,,,
d7b72f9e-e5a5-4666-9cf3-592e823de4e0,service.finance,premium,70,33,7,,,
49780c55-16a7-4b0b-a5d5-68df6a92797e,service.fish,available,70,33,7,,,
ce871864-883a-4241-b509-d9ccb15d86c0,service.fishing,premium,70,33,7,,,
50f76136-7fc3-4564-b1c4-75052e4b7ecb,service.fitness,resell,70,33,7,"Sav.com, LLC",25/01/2024 18:00,25/01/2026 18:00
e42928a9-d4b9-4469-a6af-4158bbc8d3b0,service.flights,premium,70,33,7,,,
77813bcd-e1f8-435e-94f8-face132ad720,service.florist,available,70,33,7,,,
ab55691a-872f-44e6-bf7a-fae32a400db2,service.flowers,available,70,33,7,,,
fdd973f9-a2ed-4910-82dc-a79d53e8f52f,service.foo,premium,70,33,7,,,
929c43e2-58f8-491e-b9e8-800f90365b05,service.food,premium,70,33,7,,,
5203454b-544f-4655-9c6c-f84eb43bbf16,service.football,available,70,33,7,,,
d3bc51a7-2852-44a7-868c-6be85796bebc,service.forsale,premium,70,33,7,,,
f45ef0e4-a542-48d0-ab83-18c9bd645865,service.forum,premium,70,33,7,,,
b4e15a9c-0bda-4a45-8364-e261b7254144,service.foundation,resell,70,33,7,Dynadot Inc,29/08/2025 19:46,29/08/2026 19:46
c00f78b3-5019-4af9-afc7-2ddfba29f9fa,service.fun,premium,70,33,7,,,
dc3d7881-ac55-4d38-9d63-440d2d45826e,service.fund,resell,70,33,7,"DNSPod, Inc.",06/11/2024 15:15,06/11/2026 15:15
127e5dff-ddf7-41a6-b2e1-b2ad8c10fc6b,service.furniture,premium,70,33,7,,,
a74878fd-a5c5-4879-85df-017915386b1c,service.futbol,available,70,33,7,,,
819069ad-7da9-47d2-b67b-f62cb6c83de9,service.fyi,expiring,70,33,7,Porkbun LLC,22/12/2024 01:54,22/12/2025 01:54
cb97da65-8602-4616-be17-fae1f5b56371,service.gallery,expiring,70,33,7,"GoDaddy.com, LLC",03/01/2020 14:49,03/01/2026 14:49
b535c346-a959-4a69-b162-08adb74a45fb,service.game,premium,70,33,7,,,
13f02a73-1414-4537-9140-9a4d6e77fc38,service.games,resell,70,33,7,"DNSPod, Inc.",15/03/2021 15:59,15/03/2026 15:59
35e71f49-2290-4057-8af2-4aa766f886ae,service.garden,premium,70,33,7,,,
9ff6b6bc-9d34-4737-86ff-b44638801b60,service.gay,premium,70,33,7,,,
ba4ee848-6b30-4c38-8d8e-05eb4bc5a134,service.gg,resell,70,33,7,"Spaceship, Inc (https://www.spaceship.com)",,
2193dd19-f52b-4280-946e-eea9953f24b5,service.gift,available,70,33,7,,,
75027a08-fda6-46f7-8b53-98a04fae959d,service.gifts,premium,70,33,7,,,
76a508d5-afbb-4ccd-9d0d-82e14adcd99a,service.gives,available,70,33,7,,,
0b0a38e0-3779-420b-80cd-ca64689c6888,service.giving,available,70,33,7,,,
d57c24a7-a593-4067-b4d0-778622c00d0a,service.glass,available,70,33,7,,,
613590f3-5ec8-4950-8c7c-5a3a7b18ab94,service.global,premium,70,33,7,,,
ab065eb2-87c9-4f3e-816a-8274a8d06b6e,service.gmbh,expiring,70,33,7,"COREhub, S.R.L.",21/12/2017 11:47,21/12/2025 11:47
f7705fa3-bee6-480c-b1bb-b1561afb1f0a,service.gold,resell,70,33,7,"Chengdu West Dimension Digital Technology Co., Ltd.",14/10/2018 14:46,14/10/2026 14:46
01248e56-4007-4e94-a617-228b6e9430bd,service.graphics,available,70,33,7,,,
5c000184-79a8-415a-bd52-1b1a27c2b5d0,service.gratis,premium,70,33,7,,,
e5c09305-a91b-4030-93c8-5f790b4f6359,service.green,premium,70,33,7,,,
f2f8fd13-2e18-4bcd-bac3-637d7a9e1e61,service.gripe,available,70,33,7,,,
c56e292f-865c-462c-a69b-8773383c2b58,service.guitars,available,70,33,7,,,
c6e908df-b76a-4689-820b-7284c5860143,service.hair,premium,70,33,7,,,
3801502c-9d01-4f92-8884-a1fbd1ebefd8,service.health,premium,70,33,7,,,
2f79a9f1-da04-482e-a0b8-ad3d8d5ca950,service.healthcare,premium,70,33,7,,,
5f26f078-5e87-407b-9ec9-48aef89bbd80,service.hiphop,premium,70,33,7,,,
c4be3431-980d-439e-807a-c9bc697822d3,service.hiv,premium,70,33,7,,,
ab40a06a-f71b-4f0d-ad93-50bb79d87dd6,service.hockey,available,70,33,7,,,
5fe12024-5802-4cc5-93d5-6930f6c11e5d,service.holdings,available,70,33,7,,,
34b08ddf-7d3a-42cf-98de-9d09696d7ff9,service.holiday,available,70,33,7,,,
34040b26-ec21-4c9d-9395-287270927a9b,service.horse,available,70,33,7,,,
9b5ba8f2-0e22-4dd0-af1f-992d111c49d9,service.host,premium,70,33,7,,,
72cb3cee-6bad-47a3-9b3b-5d9510fbe31c,service.hosting,available,70,33,7,,,
5d8d5e6d-660e-4314-9b77-21ba2e64a8e1,service.hot,premium,70,33,7,,,
671c7ce4-af7c-47be-b018-ea088b300bdc,service.how,premium,70,33,7,,,
f3575aad-dc57-42c3-a133-2272778e6b05,service.icu,premium,70,33,7,,,
02983c78-79ee-4521-9703-88d7261333ea,service.im,premium,70,33,7,,,
8a9bc7bf-c1f4-4e4b-b657-6c20b303833a,service.immo,sold,70,33,7,united-domains GmbH,04/10/2022 08:17,04/10/2026 08:17
40cc9cdc-4f3f-48a2-b4c4-3e7e5a20d1ca,service.inc,premium,70,33,7,,,
3ce259f2-11ca-4b22-8e81-f4d5d56b440e,service.info,resell,70,33,7,Scaleway SAS,27/07/2001 19:26,27/07/2026 19:26
9c5f3b8b-bceb-4dc6-941a-dd44d889b385,service.ing,premium,70,33,7,,,
82e814f1-f5ac-4701-a07a-791ecd34bbe6,service.ink,resell,70,33,7,Alibaba Cloud Computing Ltd. d/b/a HiChina (www.net.cn),07/05/2019 19:12,07/05/2026 23:59
f6d035f0-5613-47d2-8b1c-a5844238ef01,service.institute,resell,70,33,7,"GoDaddy.com, LLC",19/06/2019 17:10,19/06/2026 17:10
2f73c229-8602-4002-b665-6ecbccb24643,service.international,resell,70,33,7,"Sav.com, LLC",30/08/2024 06:19,30/08/2026 06:19
6cb06017-7d0a-4c1e-8898-6de0ba0e0230,service.investments,premium,70,33,7,,,
fc1b820e-346f-46d7-b7ec-511f3aae2918,service.io,resell,70,33,7,Key-Systems GmbH,19/01/2005 20:58,19/01/2026 20:58
32ed0572-50e5-48d6-b524-936bcf2c7e0a,service.irish,available,70,33,7,,,
9012b961-f711-487a-8a63-9f6e73b02895,service.it,expiring,70,33,7,,17/12/2024 09:00,17/12/2025 00:00
91ce7296-31c5-4c1b-8a2d-cf5e8ede2224,service.jewelry,available,70,33,7,,,
01526ec3-82b3-4398-b42c-9e4bf3aa9306,service.juegos,available,70,33,7,,,
8d502cd1-94b8-4edf-ae8d-0826d0df218a,service.kaufen,sold,70,33,7,Cronon GmbH,11/09/2024 16:24,11/09/2026 16:24
1e6a2a62-6b8c-41ee-84a9-8d05b95e71a3,service.kids,premium,70,33,7,,,
3e9ce32d-0b65-4f4d-8eb6-9308e58631a1,service.kim,resell,70,33,7,"Sav.com, LLC - 10",28/08/2025 15:15,28/08/2026 15:15
93bf38df-ac26-46e1-9dea-6d2166fc1ea3,service.la,resell,70,33,7,LA Domain Names,14/12/2018 21:24,14/12/2026 23:59
073e3992-8221-47fa-aaeb-2c7e8d9c9b27,service.lawyer,premium,70,33,7,,,
0971ddc8-0796-442f-ac48-9fec687295db,service.lgbt,premium,70,33,7,,,
251004e1-1ba8-4693-961e-3b04e83c987e,service.life,resell,70,33,7,"DNSPod, Inc.",17/09/2019 07:55,17/09/2026 07:55
9215e7d2-8417-4062-831f-fdf181fa1961,service.lifestyle,premium,70,33,7,,,
952fc31a-7f8d-4ba6-9abf-1cd443015aa8,service.lighting,available,70,33,7,,,
67a7785c-2a27-4969-bdec-6fabaf9a4624,service.live,resell,70,33,7,Porkbun LLC,22/06/2024 20:21,22/06/2026 20:21
4be31f00-e05e-471a-85f4-f52cac407dfb,service.living,premium,70,33,7,,,
4c88d51b-5f17-40ac-a99c-de8fd95c61f5,service.llc,premium,70,33,7,,,
142f7417-40fe-43aa-9330-61cd6f994857,service.loan,premium,70,33,7,,,
2c0c067b-2363-462b-a3a3-a3c4488927d7,service.locker,premium,70,33,7,,,
bcd00324-ddd4-4134-a2e6-2b2b24992c7d,service.love,resell,70,33,7,"Spaceship, Inc.",05/10/2019 06:58,05/10/2026 23:59
ec70549d-2afe-4f11-a3ae-960c3f8b299e,service.ltd,resell,70,33,7,Alibaba Cloud Computing Ltd. d/b/a HiChina (www.net.cn),21/06/2016 11:12,21/06/2026 11:12
ee599850-935a-4b1c-a07f-69a86d184fd6,service.ltda,premium,70,33,7,,,
83532900-3d57-4f76-ab09-2c14894e189f,service.luxe,resell,70,33,7,"GoDaddy.com, LLC",05/05/2021 13:05,05/05/2027 13:05
1102b8bf-76a9-4dfb-9cfd-a61233372da3,service.luxury,premium,70,33,7,,,
5f520ae6-c8a0-42ed-91bb-33f4273cb743,service.makeup,premium,70,33,7,,,
bf37c229-8676-419c-8829-0b4b0968b405,service.market,premium,70,33,7,,,
9d28d2e4-c880-423e-aae6-2f2f8458a724,service.marketing,resell,70,33,7,"GoDaddy.com, LLC",19/08/2015 16:11,19/08/2026 16:11
80b46d0d-c04d-4e88-9695-9c1f6c954571,service.media,resell,70,33,7,"Chengdu West Dimension Digital Technology Co., Ltd.",08/09/2018 10:20,08/09/2026 10:20
56447f5c-6b38-4e47-81b3-ffcc274c7ef5,service.melbourne,premium,70,33,7,,,
e44c700d-a351-46ad-9376-e6168f7bb3f8,service.meme,premium,70,33,7,,,
b67f66d3-eb56-4863-8284-69b9eb6df380,service.memorial,premium,70,33,7,,,
43b6e5a8-2d29-463e-9bb1-9d6e6fb7d7cd,service.men,premium,70,33,7,,,
20ea4bcc-9629-44b9-88e2-1d310b988fec,service.menu,premium,70,33,7,,,
a7e66a6c-cb15-4d6a-b78f-efd1e4e00287,service.miami,expiring,70,33,7,"GoDaddy.com, LLC",20/12/2021 13:55,20/12/2025 13:55
2db67faa-7a33-420f-96d3-307dd3789d78,service.mobi,resell,70,33,7,1API GmbH,11/05/2006 22:16,11/05/2027 22:16
da8857ad-6f4f-40f2-981a-ea0ec00db362,service.moda,available,70,33,7,,,
fa06222b-92ba-49e0-815a-3f1083f17e1d,service.moe,premium,70,33,7,,,
24119d40-42b0-44fd-b19c-c882db887e87,service.mom,premium,70,33,7,,,
b5123d4c-3b6e-4077-8534-81fd1ab722e4,service.monster,premium,70,33,7,,,
9bad55db-4537-4c79-8222-681af6a3f8db,service.mortgage,premium,70,33,7,,,
02b7b3a9-66aa-42cc-91bf-168e1c3fa64d,service.motorcycles,premium,70,33,7,,,
b6b37157-7afe-4e4f-9a1c-bd407bef730d,service.mov,premium,70,33,7,,,
2fd15def-a009-44b4-b5a3-44cafb0a8fe8,service.movie,available,70,33,7,,,
663d74e9-dcde-499b-91cc-b62eb02640fa,service.music,premium,70,33,7,,,
5dd6eaba-7d17-4910-bcaf-a1110df0a339,service.navy,available,70,33,7,,,
ee57d340-b80e-4235-b605-31f1545cdfe6,service.network,sold,70,33,7,Dynadot Inc,21/02/2019 06:14,21/02/2026 06:14
5e1eedcd-97a0-41bb-8ed5-b6342a633b02,service.news,premium,70,33,7,,,
946aa8b8-f390-46b0-b7e5-a18bb90351bc,service.nexus,premium,70,33,7,,,
b4eedfa0-a8b5-487d-9587-52346c2917d3,service.observer,premium,70,33,7,,,
e0f4a020-d271-4dbc-b15e-fb54a8958a66,service.online,premium,70,33,7,,,
d758a545-b510-437e-9fbb-eb8f49be36d6,service.osaka,premium,70,33,7,,,
b8736c37-f879-438c-9156-941ec38cf029,service.page,premium,70,33,7,,,
d7309606-5d74-4ca7-98eb-ff88c63e0a47,service.party,premium,70,33,7,,,
41a9ffc1-3350-4df9-89f6-8bd7d0022ea9,service.pet,premium,70,33,7,,,
f0ad0d61-ab7e-49cf-8cd5-723ad81611c0,service.phd,premium,70,33,7,,,
f2dfcb20-7366-44fe-a4b2-246829f2eefb,service.photo,premium,70,33,7,,,
b9d50752-6994-4e4a-a81a-35f81b77ef66,service.photography,available,70,33,7,,,
634c24c3-fc4f-483f-9aa3-08297f71c645,service.pics,available,70,33,7,,,
96204220-b4e4-4f3c-8f54-92d2c3895beb,service.pictures,available,70,33,7,,,
ef71ce46-0def-4cb8-b6b0-295aee4ad156,service.plumbing,premium,70,33,7,,,
e354c1a3-69a3-418b-8600-ce99fa2e6103,service.porn,premium,70,33,7,,,
0480c357-f8c2-4341-a648-a4e559c7f5d3,service.press,premium,70,33,7,,,
451eb6d8-afa6-4523-9ef4-39a0db180044,service.productions,premium,70,33,7,,,
c964c599-7578-4ffc-bf01-b805527b1e09,service.prof,premium,70,33,7,,,
314e60a1-fdb4-4236-8389-566633b51f37,service.promo,premium,70,33,7,,,
9f3f81ee-9517-4f14-9d4c-34a5ce75d8f8,service.properties,available,70,33,7,,,
559778bd-5be1-403c-8010-2aceac8686ec,service.property,premium,70,33,7,,,
f1ca4c2f-613b-4b23-aca3-1a5093858d42,service.protection,available,70,33,7,,,
60df281c-037c-4c2c-9ffd-f3efe3850ddf,service.pub,resell,70,33,7,"DNSPod, Inc.",15/04/2019 10:49,15/04/2026 10:49
804ad06e-5e4c-48ef-bcf8-857f274b59b5,service.pw,premium,70,33,7,,,
f2bcab8c-9d28-4671-ac60-12f1b4513384,service.qpon,premium,70,33,7,,,
3b71110a-55f3-4a95-b198-124080ad41ce,service.quest,premium,70,33,7,,,
cf944c3b-17bd-432c-babf-c60040154206,service.racing,premium,70,33,7,,,
203756da-f786-4a6d-9cf3-3de6a300f248,service.realty,available,70,33,7,,,
a167d9ba-a4e1-40b7-a81a-268867c2d95b,service.recipes,available,70,33,7,,,
362822f5-d695-4f84-a9ea-2ba86e18dc6d,service.red,resell,70,33,7,"Spaceship, Inc.",24/04/2019 11:04,24/04/2026 11:04
40e75149-27c0-4119-b1b1-d7c08aaea94c,service.rehab,premium,70,33,7,,,
a0267fb3-3a37-4cdf-8db4-2f95f4a6273c,service.reise,available,70,33,7,,,
8e10767a-d08b-421c-9a18-ccbc4ec05730,service.rent,premium,70,33,7,,,
1407936c-3bb0-47fe-b36a-7ec53e1e6f62,service.repair,expired,70,33,7,"GoDaddy.com, LLC",07/12/2016 07:48,07/12/2025 07:48
d05fa476-7cc2-458e-8069-9e7e953b01d9,service.republican,available,70,33,7,,,
c9b57df9-f514-422a-a1ff-4c0610e6a5a7,service.rest,premium,70,33,7,,,
a67b18c7-d541-4e91-a69b-cd6f88407dfb,service.review,resell,70,33,7,"GoDaddy.com, LLC",01/11/2017 18:28,01/11/2026 18:28
cad80b1f-271e-4ed7-8929-dc7099e758cf,service.reviews,premium,70,33,7,,,
1d7b251e-ce05-4966-9348-3d93f2d1a3d7,service.rich,available,70,33,7,,,
ebb75543-e531-4875-b138-e96dbdf2d426,service.rodeo,sold,70,33,7,Tucows Domains Inc.,11/12/2025 17:59,11/12/2026 17:59
a0227a6c-5055-4691-a6b8-f45162d80a4c,service.rsvp,premium,70,33,7,,,
966993af-323e-4786-a544-bdcb31131a91,service.run,resell,70,33,7,Xin Net Technology Corporation,07/03/2019 08:20,07/03/2026 08:20
f0cc4f78-0b8e-4965-b29a-f14fe52afc6e,service.sale,premium,70,33,7,,,
93fd2fe5-2e26-445d-90bf-fd517a1dc5ae,service.sarl,premium,70,33,7,,,
36c0e0b4-dcbf-4f73-9f0b-517987e59473,service.sbs,premium,70,33,7,,,
40fcffa9-4356-498e-8375-e1145cdabfc6,service.school,sold,70,33,7,"GoDaddy.com, LLC",30/09/2020 19:27,30/09/2026 19:27
55cc1eef-732c-4de7-bb77-28e439e83999,service.science,premium,70,33,7,,,
6482db59-2382-4e49-a0fc-d5a98ac96602,service.security,available,70,33,7,,,
ff5f8c82-8540-4ad6-98fe-b90e5767c068,service.services,sold,70,33,7,1API GmbH,05/03/2020 02:44,05/03/2026 02:44
1f94e71a-1781-4fc3-9bd0-7d48d7ad92e1,service.sexy,available,70,33,7,,,
4418424d-82e5-4ee4-881e-3871485a0160,service.shiksha,premium,70,33,7,,,
12249fdd-b608-41a2-b2a4-7bf97226fe81,service.shoes,available,70,33,7,,,
5485b346-2db9-4c2b-af6b-8a3d92162977,service.shopping,sold,70,33,7,united-domains GmbH,30/09/2016 05:57,30/09/2026 05:57
07f9fccc-d0a7-4a77-8046-f011b8ec1e7e,service.show,resell,70,33,7,"DNSPod, Inc.",03/04/2018 05:13,03/04/2026 05:13
614af471-5f46-42e6-882b-f8aee770188d,service.site,premium,70,33,7,,,
680253f8-4f59-42b6-8cbd-5b63ba9225d0,service.ski,expiring,70,33,7,InterNetX GmbH,11/01/2017 11:00,11/01/2026 11:00
4d918c05-064c-4680-b48d-7f7c248eab71,service.skin,premium,70,33,7,,,
13a9f7e5-0b6f-420d-b5d1-c6f9c6c99cc2,service.soccer,available,70,33,7,,,
e79106d5-aacf-4b93-bd95-66e9c78f6963,service.social,premium,70,33,7,,,
bfa77dbb-abe4-424e-a25e-aa5a697d9bdf,service.software,premium,70,33,7,,,
abb9deff-66f9-433c-bee7-57da17120e8c,service.solutions,resell,70,33,7,"Sav.com, LLC",24/06/2015 16:01,24/06/2026 16:01
f05e3d11-e1ab-4368-81fd-a505da0f4795,service.soy,premium,70,33,7,,,
1877ac2a-f13a-4623-98b1-240c554298e7,service.space,premium,70,33,7,,,
16ed892c-3888-4281-aa9e-32357bd59a3c,service.spot,premium,70,33,7,,,
aa8b17ea-e5ca-4419-ae09-5f48002c1aec,service.srl,premium,70,33,7,,,
99c12a6e-dd97-4c0a-a69d-87eab409b4b2,service.storage,available,70,33,7,,,
f810f97c-ed33-427b-9233-56bd34ced41f,service.store,premium,70,33,7,,,
5136fc91-9fa8-4c94-9a74-889d7b5e8612,service.stream,premium,70,33,7,,,
1490ad62-a8a8-4910-b2e0-285f62ff9cca,service.study,premium,70,33,7,,,
306af536-5b3d-419f-b4f4-5e72c1573929,service.style,available,70,33,7,,,
904478b1-37b3-4bdf-adff-bcf8fe2108b0,service.sucks,premium,70,33,7,,,
c47ac544-ffd6-4a52-8b7c-3ddaf82ab3a4,service.supplies,resell,70,33,7,"Sav.com, LLC",25/11/2019 15:10,25/11/2026 15:10
2309051b-712b-4f5c-9b53-81b4bf84ef01,service.supply,resell,70,33,7,"Sav.com, LLC",26/11/2016 23:18,26/11/2026 23:18
e42fdfe0-e331-422c-a4f0-59acad00157b,service.surf,available,70,33,7,,,
70d57bb4-1235-4a9b-87a1-e80f0839018b,service.surgery,available,70,33,7,,,
f777cbfa-dace-4c3a-a357-55b4b15f01e4,service.sydney,premium,70,33,7,,,
9b494e1f-e7a0-4a87-85d3-07e00e9fd376,service.systems,resell,70,33,7,"Sav.com, LLC",25/08/2016 05:59,25/08/2026 05:59
d348f27b-6645-4a8e-a8f2-119c0c01214b,service.talk,premium,70,33,7,,,
089214f9-cd4e-4ad6-9911-2da90c2ae28c,service.tattoo,available,70,33,7,,,
d3555039-5bfe-410e-90b2-92383d43061d,service.tax,resell,70,33,7,"GoDaddy.com, LLC",01/09/2015 05:59,01/09/2026 05:59
f853c22f-0ac0-483e-80ab-27e868f4569f,service.tech,premium,70,33,7,,,
b530e45f-6988-421f-8b64-0a47a39b80fc,service.tel,expiring,70,33,7,"Name.com, Inc.",09/01/2025 01:47,09/01/2026 01:47
56a7e69d-17f4-4db2-b403-1658fcb0fdd0,service.tennis,premium,70,33,7,,,
ebd163a5-c49e-4c81-90ca-8cb4e09305b5,service.theater,available,70,33,7,,,
a1cae290-bced-4bcd-95e3-4e1a71a13c35,service.theatre,available,70,33,7,,,
b3bd521a-e962-4232-b014-84be754b8c88,service.tickets,available,70,33,7,,,
5b034659-e3d9-48ad-9c83-47aa9ada1bbc,service.tienda,available,70,33,7,,,
6b6d052b-fa07-4d99-b5de-5701812c16b9,service.tours,premium,70,33,7,,,
bb78872b-790c-46b4-8611-d065be50af82,service.town,premium,70,33,7,,,
f2dcb2da-8d82-41bb-8f45-dd35ea201ecb,service.toys,sold,70,33,7,"Spaceship, Inc.",13/10/2025 09:15,13/10/2026 09:15
b9462e0f-e845-40b9-bc6f-da1f4703fd66,service.trade,premium,70,33,7,,,
3a263155-1d45-4495-8eb8-f4bcae8e6cc5,service.training,resell,70,33,7,"Spaceship, Inc.",04/06/2022 13:15,04/06/2026 13:15
09aba47c-9856-4fd6-8150-4c9287b06f95,service.tube,resell,70,33,7,"GoDaddy.com, LLC",10/04/2019 22:15,10/04/2026 22:15
62bdc51a-4b29-4cad-8066-f69851309558,service.uno,premium,70,33,7,,,
dd6edbce-594a-4eac-b2ad-51150b64f92d,service.vacations,available,70,33,7,,,
2d98932f-91bd-4f47-89e8-c2f69083bf03,service.vana,available,70,33,7,,,
d165a4b5-fc47-4511-a3ce-5e4a80ccac7a,service.vet,premium,70,33,7,,,
3169aa60-d781-4110-b622-110a1d246485,service.viajes,available,70,33,7,,,
dcfdb5f7-2ae0-4fca-96b0-510af4153937,service.villas,premium,70,33,7,,,
01aeedff-6ee0-4306-879c-4b88758eec22,service.vin,premium,70,33,7,,,
f5ab2409-45bb-4fc4-ba93-beafae3813bf,service.vision,sold,70,33,7,InterNetX GmbH,11/09/2014 14:51,11/09/2026 14:51
7f6b9d92-c818-4f34-894c-97eeb367bf9a,service.vodka,available,70,33,7,,,
d6a2cff8-89fe-4a72-911a-e2916bd46db8,service.vote,available,70,33,7,,,
24865410-3c9f-4926-b161-32f7353a4365,service.voto,available,70,33,7,,,
0fcfd364-8993-4486-9393-64509aa26983,service.voyage,available,70,33,7,,,
5706f56a-2471-4579-89e5-b19c0ec71701,service.webcam,premium,70,33,7,,,
562460d5-648b-4086-af7b-529c8a3edaf3,service.website,premium,70,33,7,,,
605c2263-4305-47c0-9591-641c3056a63a,service.wedding,premium,70,33,7,,,
7833488a-cf41-45cd-b894-a38485e11056,service.wiki,resell,70,33,7,Alibaba Cloud Computing Ltd. d/b/a HiChina (www.net.cn),12/08/2022 00:00,12/08/2026 00:00
6692012e-bc6e-4bcc-ad89-7dbebbd8437b,service.win,premium,70,33,7,,,
688058a5-72d6-4f88-9cf3-51b3a86d5b7d,service.world,resell,70,33,7,"Chengdu West Dimension Digital Technology Co., Ltd.",03/04/2017 16:12,03/04/2026 16:12
1d554f41-695b-4530-83c9-f697181880a2,service.xyz,resell,70,33,7,"Sav.com, LLC",05/09/2021 18:02,05/09/2026 23:59
5467a60b-6ae1-48e5-bbd9-d058dcd181a5,service.yachts,premium,70,33,7,,,
3caf5b79-141f-40e9-8dd1-d141db87ff3a,service.yoga,available,70,33,7,,,
7cd2027b-0995-4ec5-a43c-2067872ebbf6,service.you,premium,70,33,7,,,
f9af8b1e-73c8-4d42-a9b9-f22dbb368b6a,service.zip,premium,70,33,7,,,
4c0b5335-b2af-4381-91aa-59be23f748a8,shipping.ai,resell,64,80,8,"NameCheap, Inc.",03/03/2025 16:23,03/03/2027 16:23
3fcbb98c-3fd3-4c92-8dd6-e20d10b9062d,shipping.at,available,64,80,8,,,
1fc63d21-e9d6-4382-ae43-b52027fbdfae,shipping.gg,premium,64,80,8,,,
21d7a417-652c-4e45-91ad-7b4c12a642c6,shipping.me,resell,64,80,8,Virtualia LLC,04/12/2024 15:15,04/12/2025 15:15
03900d14-988a-4b30-9780-f50f625e5925,shipping.online,premium,64,80,8,,,
c4207b40-37c2-4b94-bba5-9ce71077c16e,shipping.pro,expiring,64,80,8,"NameSilo, LLC",03/08/2006 00:00,03/08/2025 00:00
1615cada-dcba-40db-9c02-668dcce2b569,shipping.site,premium,64,80,8,,,
83fc5699-d560-4cf5-81ca-6b77073536e6,shipping.so,available,64,80,8,,,
4dc34d8a-1a85-405c-b524-5a80f512667a,shipping.space,premium,64,80,8,,,
6436312a-0b78-44ca-a49e-466eedc5253c,shipping.store,premium,64,80,8,,,
54bd8312-422e-419a-8ead-6ae106f5fa40,shipping.tech,premium,64,80,8,,,
7dc47be0-f5c1-465b-9058-9c17f7c98297,shipping.us,sold,64,80,8,"GoDaddy.com, LLC",03/07/2007 18:10,02/07/2026 23:59
5e2db094-ecbd-4e72-be76-e71d95533aa7,shipping.xyz,resell,64,80,8,GoDaddy Online Services Cayman Islands Ltd.,18/08/2021 08:22,18/08/2025 23:59
2b1622b8-5446-4df9-9035-2cf760cc0dd0,transportation.ac,available,,17,14,,,
70971c04-7400-4d77-8367-4323e3357506,transportation.accountant,available,,17,14,,,
5ed1b35d-796f-4fc4-aac6-7f4d9ad37f60,transportation.accountants,available,,17,14,,,
55f893fa-f15b-48f9-8291-d59fa8ba325a,transportation.actor,available,,17,14,,,
96eb95b7-aa8b-4008-98db-2aea21fe6005,transportation.adult,available,,17,14,,,
2101f82b-577a-487c-b4a3-2ef9a3ce66f8,transportation.ag,available,,17,14,,,
8ff800de-1ea2-4e86-b1d2-9583d04ba5a5,transportation.airforce,available,,17,14,,,
2107b862-28ff-4074-9d54-df4b89d150f4,transportation.apartments,available,,17,14,,,
e74401fe-efbf-49cb-89cc-489ab6455c73,transportation.app,sold,,17,14,"GoDaddy.com, LLC",20/07/2024 00:20,20/07/2026 00:20
3aee1fe5-6b5c-47c6-95c5-d773bad53dc6,transportation.archi,available,,17,14,,,
8df63238-e98a-46fe-926c-6b74937928e0,transportation.army,available,,17,14,,,
6c18b6fa-3bfe-457f-b3ec-a28f8c863c28,transportation.associates,available,,17,14,,,
4d8b0887-9ed8-4b4a-8483-f5ec8534e94d,transportation.at,sold,,17,14,Ledl.net GmbH ( https://nic.at/registrar/32 ),,
49ee9e7a-cbbe-43b5-826b-8c81c57ababa,transportation.attorney,premium,,17,14,,,
2d729393-03e7-4bfd-961e-2a6676d29d27,transportation.auction,available,,17,14,,,
140bd28e-af13-48e3-a0a1-3fc77eb64eb7,transportation.audio,available,,17,14,,,
5161e9df-458a-4135-bf01-f73d59b7d5f9,transportation.auto,available,,17,14,,,
e301cc13-3286-4799-967a-95fa79504414,transportation.baby,available,,17,14,,,
0231753a-4d52-4892-a419-5f32f5cdcac0,transportation.band,available,,17,14,,,
47fb1949-d044-4154-b55c-4a9ce17c3286,transportation.bar,available,,17,14,,,
995cdac3-9e06-4356-beee-2a13ef44fd85,transportation.bargains,available,,17,14,,,
47992b2a-360b-4ee9-99ae-8ab0151624d5,transportation.bayern,available,,17,14,,,
632c199e-3df2-4bbc-941f-01259a58b8d2,transportation.beauty,available,,17,14,,,
86601afd-0723-4567-8ee3-c7b484025215,transportation.beer,available,,17,14,,,
342f2459-5c65-4139-8bb7-b305cd122d3d,transportation.berlin,available,,17,14,,,
58b65099-97db-499f-b370-1596ed1f1957,transportation.best,premium,,17,14,,,
a4a39221-2ecf-4fb2-b393-11ad75b347e0,transportation.bet,available,,17,14,,,
eef870b7-f1bb-48ae-8709-c3af5c6979bd,transportation.bid,premium,,17,14,,,
a48bf9c6-0775-4cbb-b90e-1e0423f01a8e,transportation.bingo,available,,17,14,,,
20727fb5-39d2-4461-aaac-a66e9a5ae5d6,transportation.bio,available,,17,14,,,
22a9dfe7-9eb6-4134-a19c-80ecdf2eefd6,transportation.biz,resell,,17,14,"GoDaddy.com, LLC",27/03/2002 01:44,26/03/2026 23:59
499fe52a-d28a-4352-96c4-812836dfc5ad,transportation.black,available,,17,14,,,
c8434c6a-b155-4b42-9af4-a66fd681c204,transportation.blackfriday,available,,17,14,,,
ee25f0a5-17da-4e48-aa7b-64ab889e71eb,transportation.blog,premium,,17,14,,,
b6d0434c-0313-434f-93a5-d21e1dae10a1,transportation.blue,available,,17,14,,,
0b583aa7-a168-4e2e-870e-d53aaa031028,transportation.boats,available,,17,14,,,
2456cb3f-b035-48b5-bc51-57415b2861b2,transportation.boo,premium,,17,14,,,
f7335086-6fb2-44a5-8cbf-74183ef05114,transportation.boston,premium,,17,14,,,
772a53f9-8797-428d-9218-962e0ec0c0df,transportation.bot,premium,,17,14,,,
5bae6b41-92d4-4d1e-981f-8dd7c1424726,transportation.boutique,available,,17,14,,,
d6a52b76-1241-43b5-9acd-8df5f3b480ab,transportation.build,premium,,17,14,,,
295e8eaa-cd3e-4067-98d2-115f37c4ded3,transportation.builders,available,,17,14,,,
bc3efabb-af89-492c-966b-224d894af6bd,transportation.business,premium,,17,14,,,
4321cc6d-8ff6-4ac5-88ec-acf7817df1a0,transportation.buzz,premium,,17,14,,,
d7392551-cf51-45be-a90d-6be33545504e,transportation.bz,available,,17,14,,,
444c6f53-a5f4-43ac-924e-c9ac78f06022,transportation.cab,available,,17,14,,,
e5c4409f-22ab-4f9c-a2c8-cf3c043bdebe,transportation.cafe,available,,17,14,,,
21ee7023-0a8c-4eb7-aaf4-299c1c2f3c16,transportation.cam,resell,,17,14,Realtime Register B.V.,09/04/2023 21:20,09/04/2026 23:59
deb9e445-b524-476f-bc32-e2d9a382d83b,transportation.camera,available,,17,14,,,
c8b8e90e-8e7b-4fa9-b563-f358984ab5fc,transportation.camp,available,,17,14,,,
672e727d-ce56-42c7-83da-4faa9263db34,transportation.capital,available,,17,14,,,
0964d393-be8a-4c55-9be2-e1257fa55104,transportation.car,available,,17,14,,,
a02cbe3a-480a-401a-9fae-8df0b3f75883,transportation.cards,available,,17,14,,,
441fe0d9-55ce-437e-abf1-23345c13c8f1,transportation.cars,available,,17,14,,,
4007ff76-4b95-425c-8c17-5338f057baed,transportation.casa,available,,17,14,,,
0008bbc9-e540-40d1-a828-46c7e67f64cb,transportation.cash,available,,17,14,,,
594e0c3a-6ccd-4446-8da8-869dff86383e,transportation.casino,available,,17,14,,,
e162cc5c-e2e0-4ea3-9165-dce69583f11d,transportation.catering,premium,,17,14,,,
72ac2381-87c7-4bec-9e3d-1325cd5fb2a3,transportation.ceo,available,,17,14,,,
c5dc941b-7fbf-4275-b0f0-0f290cb84ed9,transportation.charity,available,,17,14,,,
e0208293-099b-45ba-94ad-8803f76fecad,transportation.chat,expiring,,17,14,Dynadot Inc,29/12/2024 20:18,29/12/2025 20:18
d9e66d9a-4d2b-41ce-8323-ad8609a9b431,transportation.cheap,available,,17,14,,,
c7c68ebb-9279-438a-9ce1-f3300b454455,transportation.christmas,available,,17,14,,,
6610050d-707d-46ef-9528-d1c4f3161276,transportation.church,available,,17,14,,,
704ee492-4fb4-4f8b-9bc5-f7eb2fc7cf08,transportation.city,premium,,17,14,,,
2ca92e4c-352a-432f-83a4-5b94f7ec7c45,transportation.claims,available,,17,14,,,
164f05ad-1d4f-42a6-9645-b59daafe07ae,transportation.cleaning,available,,17,14,,,
7ebc28f1-4597-4ddd-bced-d66ac0673032,transportation.click,available,,17,14,,,
4357b3e8-300b-4882-b3ae-c299fdb690a5,transportation.clinic,available,,17,14,,,
85c4da7c-cb6c-4c2c-a971-d450bad56fbc,transportation.clothing,available,,17,14,,,
80ea733e-cc9e-4f6c-bbf3-f9aa477ff9a9,transportation.club,premium,,17,14,,,
e40df92e-52b5-4ec0-be35-f7c8bf206706,transportation.coach,available,,17,14,,,
6cb6bbba-aa0d-46a7-89ba-1e0ddcaca557,transportation.codes,available,,17,14,,,
5503c2b9-0e3b-438d-9449-d99bbc8ff590,transportation.college,premium,,17,14,,,
fdbb5596-ebbe-44cd-b74b-d0b786f85fa6,transportation.community,available,,17,14,,,
826c1e7e-404b-4d16-b065-e08a174a0121,transportation.computer,available,,17,14,,,
b0c06dcd-0334-405e-932c-43ced3bcdb9b,transportation.condos,available,,17,14,,,
55f240e7-0eb6-4480-8acf-79cf87ee9b27,transportation.consulting,premium,,17,14,,,
9785e366-39ee-406b-a7b9-f817eddbca9a,transportation.cooking,available,,17,14,,,
5be34e45-39bc-4105-8636-d1abf7ff84a9,transportation.cool,available,,17,14,,,
4a14ab4e-906b-49a1-932a-626d501891ee,transportation.country,available,,17,14,,,
76c8d55b-2b29-4b07-8e00-3af19a337bce,transportation.coupons,available,,17,14,,,
9686ca02-1f57-4b31-8db9-0b8a3b2e0f36,transportation.courses,available,,17,14,,,
3fd0d6f2-7387-46bb-a7b2-ee56a1e90091,transportation.credit,available,,17,14,,,
5f2d12e5-a808-4f22-bfe7-7778d27ea098,transportation.creditcard,available,,17,14,,,
e5e1d841-15aa-49e1-8a45-0ea704a3bb66,transportation.cricket,premium,,17,14,,,
2e099566-6298-45c9-a759-51fc23b68018,transportation.cruises,available,,17,14,,,
ec69c5f5-a62b-48b9-88cd-97be7515329e,transportation.cv,available,,17,14,,,
eafc0b04-8f63-4c99-b460-870ff624cd4e,transportation.cyou,available,,17,14,,,
ee81eeb2-5989-476f-8a2b-135263dd56da,transportation.dad,premium,,17,14,,,
f5d9bbbf-6d56-428e-ac33-3a5bc8c9c5d9,transportation.dance,available,,17,14,,,
08f83d60-ecc4-4cdf-bb17-afb9236cb3fe,transportation.date,available,,17,14,,,
73f28c93-c5ec-4ccf-8e6e-673cb6f385ec,transportation.dating,available,,17,14,,,
1a5aa493-0f81-4590-9c30-56ae79fee53f,transportation.day,premium,,17,14,,,
c9c407c9-0202-4b7b-880e-4ed292c319c8,transportation.deal,premium,,17,14,,,
16823a62-3579-46b1-9285-e49cc1a36575,transportation.dealer,premium,,17,14,,,
14d0b3aa-dda9-431b-b836-734498ae2baa,transportation.deals,available,,17,14,,,
dbd1faee-230d-4da2-b0e9-a2c012b234cf,transportation.degree,available,,17,14,,,
c1b1fe00-b580-418b-9a6f-e9664de35f61,transportation.delivery,available,,17,14,,,
ae2d3df0-907b-4303-9e58-accc1afb6427,transportation.democrat,available,,17,14,,,
d54c2920-aa02-47f4-9dbe-36a884f89a92,transportation.dental,available,,17,14,,,
d1f9b6bf-ccee-4ff3-88ae-63d3890724ef,transportation.dentist,available,,17,14,,,
6426487d-174e-438e-b043-94e895df89bb,transportation.diamonds,available,,17,14,,,
78cabed6-4ff4-4076-9a7e-8887fbf4c1f8,transportation.diet,available,,17,14,,,
1b27aab4-be9b-40ed-9278-cc74d23f30cb,transportation.digital,resell,,17,14,"Sav.com, LLC",19/08/2025 19:30,19/08/2026 19:30
73891f7d-9ee7-4fd8-b260-81534709c7b1,transportation.discount,available,,17,14,,,
4857550a-7249-45e0-acaa-3fa4faf4db79,transportation.diy,available,,17,14,,,
1ca662aa-9c07-4203-924f-311eec08dafb,transportation.doctor,available,,17,14,,,
ce5abac1-dec4-4d0c-ad4a-e0733a1c388e,transportation.dog,available,,17,14,,,
277b714b-4ff7-4002-b099-59f14c5d256e,transportation.domains,available,,17,14,,,
5cb510ae-028d-4887-805c-124f7d3d9d7c,transportation.earth,expiring,,17,14,"GoDaddy.com, LLC",01/01/2020 22:53,01/01/2026 22:53
08bdf09c-35e0-495b-9559-ba1c7ee17a82,transportation.education,available,,17,14,,,
f0757ccf-5a62-49a4-bab3-c17474088c9c,transportation.email,expiring,,17,14,Squarespace Domains II LLC,01/01/2023 17:20,01/01/2026 17:20
bb667187-c6f3-40d3-b520-71a617bd8291,transportation.energy,available,,17,14,,,
f19e7edf-7592-4ead-8afe-180f7aadddd0,transportation.engineer,premium,,17,14,,,
b834d0bf-fe98-40e3-b4a8-b947deadc6fe,transportation.equipment,available,,17,14,,,
3b313cb4-bb0f-4bd1-bf0b-7f1be33e675d,transportation.esq,premium,,17,14,,,
733be0d0-2bc1-44e2-9055-915e91a63229,transportation.estate,available,,17,14,,,
3d78a8fe-822a-42ac-908f-01c201b8df7a,transportation.events,available,,17,14,,,
e6132cd9-7b68-4ae0-9b8a-c6911e592d88,transportation.exchange,available,,17,14,,,
8eaec5d1-cc36-4b26-9b3a-93efc0c1bc68,transportation.expert,available,,17,14,,,
54a8f952-b521-4515-a9ed-5b343d9fd9bc,transportation.exposed,available,,17,14,,,
adde13fe-02a6-4a91-ae7c-68a0f9db39bf,transportation.express,available,,17,14,,,
2e319cbb-1a85-4821-8e21-19ee52b5d0c3,transportation.fail,available,,17,14,,,
86b9586b-caa5-47ea-b1c8-71277362d90e,transportation.faith,available,,17,14,,,
9cf799d8-cdd9-4eaa-b9d4-f3a3514a878a,transportation.family,premium,,17,14,,,
852ca456-78c9-49f6-87f3-1953eb54f96d,transportation.fan,available,,17,14,,,
1469ae68-e929-4a35-ace3-028363eed7c7,transportation.fans,premium,,17,14,,,
4f44782c-49e4-41ca-805e-29daeef38f43,transportation.farm,available,,17,14,,,
126aeb3d-6aa4-4200-be44-123ce140cba7,transportation.fashion,available,,17,14,,,
d8f03585-0cf6-4e21-97e2-57f504cb2b2c,transportation.fast,premium,,17,14,,,
f65372a6-39b7-4790-a5ca-c6ca1541f9cc,transportation.film,premium,,17,14,,,
e9dff5c5-0b4b-402c-927a-8b947ecf1461,transportation.finance,available,,17,14,,,
ae076a73-9089-45e1-82c6-71d320c0521e,transportation.financial,available,,17,14,,,
a7c9ec79-4fa8-43f5-acb4-a6d8c07c492e,transportation.fish,available,,17,14,,,
dfa40fe0-a0e3-4038-88b7-545bc4e979cb,transportation.fishing,available,,17,14,,,
2fc0a3da-2a4b-4e6f-8785-fecba1a211bf,transportation.fit,available,,17,14,,,
e8d43a54-4485-471e-8c91-e5d7bf41fc56,transportation.fitness,available,,17,14,,,
8a1a4f6c-1cf3-4aa8-9284-0fd7166f593c,transportation.flights,available,,17,14,,,
c29df2ee-d502-442f-9c0f-9b9bc8bd39eb,transportation.florist,available,,17,14,,,
fd9cbca7-883c-4eb9-90ce-13b8c89b3a2e,transportation.flowers,available,,17,14,,,
ed28eeeb-b086-410a-a957-41856cb12ef2,transportation.fm,available,,17,14,,,
be70ee47-6737-4051-8366-180772d1ed9b,transportation.foo,premium,,17,14,,,
6f6da37e-0b5a-4eb1-95b4-57084bba6d5b,transportation.food,available,,17,14,,,
e163f80e-dca6-4ff8-85fa-2a3ca4362437,transportation.football,available,,17,14,,,
9ba8f9d4-9074-4a62-881d-2f18e0ac9af7,transportation.forsale,premium,,17,14,,,
11edda0b-b5e6-4b45-8bcc-1f0343331a12,transportation.forum,available,,17,14,,,
e77480df-f79c-46c1-9327-a43a214ca4e6,transportation.foundation,available,,17,14,,,
e44b244d-88d9-4614-a3c8-59d450673b3c,transportation.free,premium,,17,14,,,
0c853dbb-4664-42e7-b9a4-5d1b9202b5ef,transportation.fun,premium,,17,14,,,
1357b3dc-3e9e-477e-b4f5-fcc10dec54a5,transportation.fund,available,,17,14,,,
d6161d11-ddbd-4e8f-a0f2-da755f96c842,transportation.furniture,available,,17,14,,,
667c7d7d-16e3-45ac-81fc-70533c816902,transportation.futbol,available,,17,14,,,
013d509b-b5e6-4efa-ae02-3b2b6b5a284e,transportation.fyi,premium,,17,14,,,
a01c0e47-9e8a-40d9-b6fe-a86f5101c264,transportation.gallery,available,,17,14,,,
9eb23aa9-8aaf-4986-92e9-d5a21e2546b9,transportation.game,available,,17,14,,,
538f5d89-d6b4-4d52-8941-4ec652ff27e1,transportation.garden,available,,17,14,,,
0a1e6295-16ee-4485-9824-5daf60306176,transportation.gay,available,,17,14,,,
f0f739ff-151c-4560-938d-73010dbeaf1d,transportation.gg,available,,17,14,,,
44291dee-9605-4745-be4f-e35003aca5bd,transportation.gift,available,,17,14,,,
3681c292-bf00-4203-946c-aa98eaf6e1b4,transportation.gifts,available,,17,14,,,
60eecaf4-1d3c-4cf7-8b06-7d0e5506b02a,transportation.gives,available,,17,14,,,
bb013c05-2b98-4d62-b2a7-e7913558bfe1,transportation.giving,available,,17,14,,,
d5883505-4ff9-48b8-a2e2-6ef41b10700d,transportation.glass,available,,17,14,,,
e1fed786-d5f3-4922-abe1-76f06c7cf3f7,transportation.global,premium,,17,14,,,
c08f55eb-9625-472c-aa0e-41ee807e2521,transportation.gmbh,available,,17,14,,,
de199e69-9368-48b9-a574-3327c035481a,transportation.gold,available,,17,14,,,
2906cef0-e873-411f-91dc-17e6e1332c5b,transportation.golf,available,,17,14,,,
3c568b32-f6a3-454d-9bcd-07b6bcf65879,transportation.graphics,available,,17,14,,,
efd863f2-04ac-4677-96c8-913c4d63df77,transportation.gratis,available,,17,14,,,
226362db-b015-4db6-92b5-1f317881014a,transportation.green,premium,,17,14,,,
69feb63d-f2c3-49a8-91a5-305d8bd9cd64,transportation.gripe,available,,17,14,,,
07e430d5-2cf7-460b-9c37-c94dc8d05807,transportation.group,resell,,17,14,Porkbun LLC,24/06/2016 21:23,24/06/2026 21:23
a5003f3c-b4af-45f1-88ac-f3db96937dc0,transportation.guide,expired,,17,14,Porkbun LLC,16/10/2024 07:41,16/10/2025 07:41
39c3d1f1-7f73-42ec-9588-ef45de583ba9,transportation.guitars,available,,17,14,,,
4baeb165-f9f7-4ff6-8322-63569d4c0dc8,transportation.hair,available,,17,14,,,
065cbac1-3b7a-4b60-9514-a86d7f692e47,transportation.haus,available,,17,14,,,
b96d1b53-d2c9-4b6e-a16c-c2c8a1fabf4c,transportation.health,available,,17,14,,,
f226a878-c2d5-4e78-b13e-cbea3794b32a,transportation.healthcare,available,,17,14,,,
6a76a63c-273a-476a-8dd9-a0b359c4675e,transportation.hiphop,available,,17,14,,,
8eb9b01a-a391-4c8c-aea7-62fac0062222,transportation.hiv,available,,17,14,,,
8aa311e3-e5ac-4395-8165-b891f521c431,transportation.hockey,available,,17,14,,,
14a4482d-82e1-404e-935e-6c057f4f1b3e,transportation.holdings,available,,17,14,,,
b1dc3efc-c6e9-4c4c-a312-e509c377c8e0,transportation.holiday,available,,17,14,,,
47e2e23f-9400-4e5a-84bb-b2f2d5aa7789,transportation.homes,available,,17,14,,,
abafcd21-abc8-4e5a-940e-a1bd9a4f105a,transportation.horse,available,,17,14,,,
9393f112-cda2-46e4-a956-08444fde28b1,transportation.hospital,available,,17,14,,,
cc941c91-7b93-492f-9fae-3eef87c23a36,transportation.host,premium,,17,14,,,
ac3735a7-c0d2-4deb-9db8-219410675f81,transportation.hosting,available,,17,14,,,
ff2ebc40-4ed7-4bd6-824e-fa98ddb1c6e7,transportation.hot,premium,,17,14,,,
73dac2d3-d7ab-4c09-8b2a-9c9b6517e3fa,transportation.how,premium,,17,14,,,
4dc28fc2-55d0-4faf-bbf1-ed1cbddf5c7d,transportation.id,resell,,17,14,PT Registrasi Nama Domain,10/06/2015 04:54,10/06/2026 23:59
f34ff0fc-e33e-4d18-94e7-c8e5bfdbb4ca,transportation.im,available,,17,14,,,
7289308c-e08e-4ddc-95e4-5431d9f1cf63,transportation.immo,available,,17,14,,,
af75dda7-5b90-458b-95bc-843629fb8cf7,transportation.immobilien,available,,17,14,,,
5328321c-953e-486d-a002-31d55d79b011,transportation.inc,premium,,17,14,,,
669053c6-4f0b-4001-a37d-c989130fe962,transportation.industries,premium,,17,14,,,
3641ac02-354c-42a2-82b0-553a23e464d5,transportation.info,resell,,17,14,"GoDaddy.com, LLC",17/09/2023 17:00,17/09/2026 17:00
d1c5891d-f8ed-4562-9f82-aa9930671cda,transportation.ing,premium,,17,14,,,
f92166d4-c199-4cf6-9253-013f687f6643,transportation.ink,expired,,17,14,"NameCheap, Inc.",16/10/2024 11:13,16/10/2025 11:13
f54298c9-c6ae-45c8-aedc-2fcabc006f31,transportation.insure,available,,17,14,,,
a1adde5c-ec6e-4d79-9d32-1d8a1e07295f,transportation.investments,available,,17,14,,,
34985481-9754-4674-94af-c5a009d966f7,transportation.io,resell,,17,14,"GoDaddy.com, LLC",22/07/2014 06:42,22/07/2026 06:42
9dc07ff8-aac1-44b4-a61d-82593ee1f165,transportation.irish,available,,17,14,,,
451762d5-37b7-4342-a7ef-cecf43e62b24,transportation.it,resell,,17,14,,23/10/2009 15:32,09/11/2026 00:00
e34a2c36-05bf-4723-bb46-37dbc444af69,transportation.jetzt,available,,17,14,,,
326844bf-ee08-4385-8774-b2ac4e460c70,transportation.jewelry,available,,17,14,,,
7f9d94f0-c5ea-42c8-8d10-ae0588b83637,transportation.juegos,available,,17,14,,,
42d54159-8507-4e4d-8780-cf83c74b52e0,transportation.kaufen,available,,17,14,,,
cc5ec690-943f-4133-b8b8-fb1a8f52b849,transportation.kim,available,,17,14,,,
ad30f1fe-e33d-4f1d-a11e-214bb530d4e0,transportation.kitchen,available,,17,14,,,
36d1f4e1-1ff6-4fa3-848f-8799a2bf8816,transportation.land,available,,17,14,,,
7260e512-34bf-4400-882c-58bdbd8f5f1a,transportation.law,premium,,17,14,,,
dd265ca5-d0d0-4980-b4bf-1dcc388ddf01,transportation.lawyer,premium,,17,14,,,
7b0f1937-7190-492a-9324-b3e69aa3c989,transportation.lease,available,,17,14,,,
b4db3f13-ed51-41e1-8d5c-b8b4ac6ddf5b,transportation.legal,available,,17,14,,,
202c1508-98fe-47c5-90ed-a1d5db7bce39,transportation.lgbt,available,,17,14,,,
c9a81057-44e0-4c99-a8e0-adfad7bdd5b4,transportation.life,resell,,17,14,Xin Net Technology Corporation,04/02/2020 20:34,04/02/2026 20:34
6ab42839-6f3d-45b6-8b8e-f9912ade3cf9,transportation.lifestyle,available,,17,14,,,
c10bb9c6-302a-478e-a1f3-14348943c09c,transportation.limited,available,,17,14,,,
7757f9ee-ec43-4df0-84b0-b6d02c434a3f,transportation.limo,available,,17,14,,,
05b64e4e-d7f7-4eef-8259-00aaa76be29b,transportation.link,premium,,17,14,,,
fdc8626a-76b6-41c2-80da-5d90bc07be29,transportation.live,resell,,17,14,Dynadot Inc,26/07/2025 17:00,26/07/2026 17:00
2ee79991-462d-4379-996e-79abe3e2a0b5,transportation.living,available,,17,14,,,
83c43f08-888e-49fc-b00a-3a887e3328d4,transportation.loan,available,,17,14,,,
cbf70db4-a205-4cf3-8069-df0ce61b16fd,transportation.loans,available,,17,14,,,
0755005e-31fd-442a-8f4a-1ffd30a06821,transportation.london,available,,17,14,,,
e82078c9-2c26-4e97-840e-de30f9e5cfcd,transportation.love,available,,17,14,,,
8ae5c865-5609-49f1-aeca-331f9e85401d,transportation.ltd,premium,,17,14,,,
368fe175-7eb0-4c2d-a239-b2a52598a723,transportation.ltda,premium,,17,14,,,
8cc51b72-a4ae-47f7-979a-cb6bcabe7045,transportation.luxe,available,,17,14,,,
f2dc3bd1-6125-4030-bb5d-cae60f28ecb2,transportation.luxury,premium,,17,14,,,
e624c637-1c87-49e3-a828-7f1c10a0d472,transportation.maison,available,,17,14,,,
7e432c47-5ce3-4e49-af33-283ecd6c599d,transportation.makeup,available,,17,14,,,
967e6ecf-7769-4893-b6ae-045e110b3fa2,transportation.market,premium,,17,14,,,
d675f0ca-6700-4c59-853d-dda2876aec28,transportation.mba,available,,17,14,,,
8da05fa8-f40e-4781-b3cf-7a364269841d,transportation.me,sold,,17,14,"GoDaddy.com, LLC",17/07/2008 17:47,17/07/2026 17:47
31c7bfab-615f-4e17-ba8f-228088abdda0,transportation.melbourne,premium,,17,14,,,
e49e5199-afb4-4075-b0c4-babb151bc187,transportation.meme,premium,,17,14,,,
b80280bf-97b5-4a97-8c32-1c670081481a,transportation.memorial,available,,17,14,,,
6ff97cb0-409e-4583-81cf-49cb017cd639,transportation.men,resell,,17,14,Dynadot Inc,08/05/2017 18:35,08/05/2028 18:35
2f55a525-624e-4213-bf96-a0f19cfe2adc,transportation.menu,available,,17,14,,,
4a89b318-07f5-4409-aacd-3d8a82b5896f,transportation.miami,expiring,,17,14,"GoDaddy.com, LLC",15/12/2017 16:32,15/12/2025 16:32
6b24ff3e-a3ce-4b0c-96f4-e836c4962180,transportation.moda,available,,17,14,,,
87c8309b-0223-4efa-8530-f8653a00bb1f,transportation.moe,premium,,17,14,,,
23acb446-5e0f-4b02-bdcf-0f67e39abbf2,transportation.mom,available,,17,14,,,
4877b4fd-af3f-427f-b1ad-9009f944788a,transportation.monster,available,,17,14,,,
8ed746cf-5887-40b3-a65c-a6f25e0df456,transportation.mortgage,available,,17,14,,,
cade4e19-f455-45e4-88fc-4adc87118766,transportation.motorcycles,available,,17,14,,,
f08de332-0098-4cfc-8997-257df6ff4c51,transportation.mov,premium,,17,14,,,
b608b9ec-b7fc-4f3a-a039-3b1c4fb64001,transportation.movie,available,,17,14,,,
74f41ea7-727a-4621-bacd-d2480d765029,transportation.music,available,,17,14,,,
695094c3-b753-43e6-b20c-d35b9456aaf5,transportation.mx,available,,17,14,,,
0208d825-a31e-4a7d-997b-51a830fd18e7,transportation.my,resell,,17,14,"Dynadot, LLC",30/11/2024 05:23,30/11/2026 05:23
5cb02310-89db-46c9-9788-9b9b06aa5def,transportation.name,available,,17,14,,,
b8ddd7c3-c81e-4b9b-b1c8-78967da8a285,transportation.navy,available,,17,14,,,
6e3c4b78-c41b-4eff-a958-855ee1a93f8e,transportation.news,premium,,17,14,,,
2250b911-388a-4e23-ad09-70a83f254ef9,transportation.nexus,premium,,17,14,,,
3298ca57-2e74-44c0-ac8e-484324d8ea4c,transportation.ngo,premium,,17,14,,,
08d5b3dc-8903-4e98-8b17-02bfe5e2372d,transportation.ninja,available,,17,14,,,
08120dcd-d8e7-4a9f-a799-06381f80c7cc,transportation.now,premium,,17,14,,,
2954b8b1-2369-4edd-adf1-a3eabc821887,transportation.nyc,premium,,17,14,,,
288e7ad9-eb86-4c25-a5b0-1a3c0da36e93,transportation.observer,premium,,17,14,,,
aa8ba570-87bb-4a4c-b8a3-82a3f7167642,transportation.one,expired,,17,14,"Spaceship, Inc.",11/12/2024 04:08,11/12/2025 04:08
116be877-3459-47a9-b346-e0ea26e6fbdb,transportation.ong,premium,,17,14,,,
a10aa8a7-4a5c-4e5c-81c5-ee60dbdd40b2,transportation.onl,available,,17,14,,,
9fb1a598-2f4c-49b8-a4b8-309da67b522b,transportation.online,premium,,17,14,,,
b34cd2f5-18f5-43ca-ab21-bc2920ac3975,transportation.ooo,available,,17,14,,,
cc65d5a5-bbe1-42ca-af69-8cb480346d8f,transportation.organic,available,,17,14,,,
57611927-0fcf-481e-934f-f2a4f595a5f3,transportation.osaka,premium,,17,14,,,
939bb6f4-f0bd-4ad5-af78-8513e9639095,transportation.page,premium,,17,14,,,
393226fa-a36f-48df-9e8b-0ab174127a17,transportation.partners,premium,,17,14,,,
d4e10d85-8903-4925-9d2b-eb044f35fafe,transportation.parts,premium,,17,14,,,
99ed2b39-6779-4eac-8341-d82bc37ed49e,transportation.party,resell,,17,14,Key-Systems LLC,12/12/2017 16:30,12/12/2026 16:30
27e8bad4-2a75-40c2-831b-88b54a300d46,transportation.pet,premium,,17,14,,,
b2c66dad-8e84-4794-a3e6-8e8e083e6923,transportation.phd,premium,,17,14,,,
5d4ae2ab-2ea5-4eb6-ab1e-0743458145a8,transportation.photo,available,,17,14,,,
5803b50e-e1c6-49de-8fa6-ec9388cee449,transportation.photos,available,,17,14,,,
e27178d8-e725-480d-aacc-160e8173e948,transportation.pics,available,,17,14,,,
4a1f8c50-65bb-4448-9f73-73bc588131bc,transportation.pictures,available,,17,14,,,
2e93b91e-057d-4100-a55d-78ffb386d126,transportation.pink,available,,17,14,,,
d1c112e5-90b7-4f48-88e2-fd96dc85e714,transportation.pizza,available,,17,14,,,
ab6e2539-c686-4564-a492-297e2008ad4f,transportation.place,available,,17,14,,,
99153af2-12b4-4c9c-8698-2437806773c5,transportation.plumbing,available,,17,14,,,
c5a8d45d-a52d-40cb-b9ca-4b46a1724436,transportation.plus,premium,,17,14,,,
ecf4d540-b5f0-4f4f-8447-29e5af262072,transportation.poker,available,,17,14,,,
8a97650e-ece8-4f2c-88be-bf5efea9f7c5,transportation.porn,available,,17,14,,,
6902fd1a-3159-4030-8df5-05dca4c2b717,transportation.press,premium,,17,14,,,
f8e950f3-4ccc-4540-9e3a-2f717fcb320b,transportation.pro,resell,,17,14,Unstoppable Domains Inc,26/12/2020 14:31,26/12/2026 14:31
6159ba60-dd9c-4131-96ff-615e562d754e,transportation.productions,available,,17,14,,,
026790c2-945f-4dc9-875a-6dd46cd879a7,transportation.prof,premium,,17,14,,,
f9fbc33d-7bc0-4b65-b269-6be863e32c4f,transportation.promo,resell,,17,14,IONOS SE,27/11/2025 23:28,27/11/2026 23:28
4aec6d60-7b20-4e96-b44e-1f4a9286ad4c,transportation.properties,available,,17,14,,,